Date,Distance,Calories,Time,Avg HR,Max HR,Aerobic TE,Avg Run Cadence,Max Run Cadence,Avg Pace,Best Pace,Total Ascent,Total Descent,Avg Stride Length,Min Temp,Number of Laps,Max Temp,Moving Time,Elapsed Time,Min Elevation,Max Elevation
2024-08-03 13:14:24,6.15,763,3150.0,162,187,3.9,175,205,8.533333333333333,6.216666666666667,42,36,1.07,91.4,44,100.4,3143.0,3423.0,891,908
2024-07-30 13:46:58,6.51,819,3601.0,158,182,3.3,168,181,9.216666666666669,7.416666666666667,80,74,1.04,84.2,8,95.0,3581.0,15255.0,898,967
2024-07-28 17:36:41,13.05,1609,7029.0,164,193,5.0,170,197,8.966666666666667,6.966666666666667,240,254,1.05,84.2,16,91.4,6967.0,7560.0,741,908
2024-07-27 13:46:06,6.75,834,3602.0,156,174,3.6,171,176,8.9,8.183333333333334,69,67,1.06,86.0,9,96.8,3600.0,3607.0,894,919
2024-07-26 17:43:53,6.99,829,3621.0,150,164,3.6,171,181,8.633333333333333,8.15,65,63,1.09,80.6,9,87.8,3617.0,3621.0,890,917
2024-07-25 10:33:13,8.28,999,4303.0,152,168,3.5,169,188,8.666666666666666,7.216666666666667,96,90,1.1,75.2,10,91.4,4283.0,36439.0,885,953
2024-07-22 18:26:46,6.8,807,3602.0,146,163,3.4,169,176,8.833333333333334,8.183333333333334,61,62,1.08,80.6,9,87.8,3599.0,3602.0,886,916
2024-07-18 16:00:47,6.16,714,3602.0,137,147,2.9,165,181,9.75,8.633333333333333,24,22,1.0,84.2,8,87.8,3557.0,3889.0,56,73
2024-07-17 17:49:45,1.68,212,1501.0,121,145,1.4,135,174,14.933333333333334,9.516666666666667,12,13,0.8,84.2,3,89.6,1437.0,1506.0,92,103
2024-07-17 16:45:37,7.2,821,3662.0,150,183,3.7,173,200,8.483333333333333,6.05,32,27,1.1,80.6,11,89.6,3646.0,3803.0,110,122
2024-07-15 18:57:11,12.02,1394,6510.0,148,165,3.7,172,187,9.033333333333331,7.9,12,12,1.04,82.4,13,89.6,6466.0,6725.0,116,128
2024-07-14 19:38:22,1.75,205,1059.0,126,138,2.0,168,177,10.1,8.9,3,7,0.95,78.8,2,87.8,1046.0,1105.0,112,121
2024-07-14 17:21:17,6.34,720,3653.0,132,160,2.7,169,179,9.6,8.45,90,83,0.99,77.0,8,91.4,3640.0,4519.0,105,136
2024-07-13 12:08:53,8.33,977,4221.0,155,185,4.1,171,212,8.45,5.933333333333334,24,17,1.1,73.4,19,89.6,4201.0,4425.0,114,126
2024-07-11 14:59:19,6.57,767,3623.0,144,158,3.1,170,185,9.183333333333334,6.566666666666666,17,12,1.03,84.2,8,91.4,3612.0,3743.0,116,129
2024-07-10 18:31:05,6.5,740,3602.0,139,154,3.0,169,180,9.233333333333333,8.316666666666666,15,15,1.03,82.4,8,89.6,3574.0,3890.0,118,132
2024-07-09 14:40:17,8.35,976,4310.0,153,182,3.7,174,205,8.6,6.033333333333333,21,12,1.07,84.2,17,93.2,4279.0,7273.0,118,149
2024-07-07 16:41:32,12.0,1366,6006.0,154,182,4.5,175,212,8.333333333333334,6.283333333333333,21,11,1.09,77.0,18,87.8,5964.0,6752.0,114,125
2024-07-05 15:25:32,7.57,884,4007.0,150,181,3.4,175,217,8.816666666666666,5.766666666666667,18,16,1.04,75.2,67,86.0,3939.0,7064.0,108,124
2024-07-04 14:16:23,6.55,759,3903.0,142,160,2.9,167,181,9.933333333333334,7.666666666666667,67,63,0.97,73.4,8,86.0,3877.0,5653.0,110,145
2024-07-02 19:12:18,8.82,1030,4562.0,158,187,4.4,176,205,8.616666666666667,5.683333333333334,25,26,1.05,71.6,18,89.6,4544.0,4816.0,117,129
2024-07-01 10:42:07,11.05,1275,6002.0,144,166,3.7,173,190,9.05,7.533333333333333,26,21,1.03,69.8,13,91.4,5989.0,6086.0,588,608
2024-06-29 09:53:15,2.1,251,1251.0,138,154,2.2,170,194,9.95,6.683333333333334,7,7,0.95,80.6,3,84.2,1250.0,1281.0,266,278
2024-06-28 08:13:58,5.72,674,3033.0,150,180,3.4,174,217,8.833333333333334,5.633333333333333,182,180,1.04,82.4,25,89.6,3007.0,3255.0,205,240
2024-06-27 14:54:36,6.5,767,3602.0,147,167,3.2,169,183,9.233333333333333,8.1,16,13,1.03,84.2,8,93.2,3587.0,3770.0,121,134
2024-06-26 14:33:26,6.31,732,3603.0,142,160,3.0,168,177,9.516666666666667,7.033333333333333,17,7,1.01,86.0,8,95.0,3594.0,3739.0,112,132
2024-06-25 19:14:19,7.08,797,3662.0,144,170,3.5,175,204,8.616666666666667,6.216666666666667,20,15,1.07,80.6,21,86.0,3642.0,3827.0,119,131
2024-06-24 18:49:59,5.73,645,3600.0,128,145,2.5,168,178,10.483333333333333,9.3,15,12,0.92,77.0,6,89.6,3575.0,3778.0,113,123
2024-06-23 15:55:39,16.78,1970,9459.0,143,178,4.3,172,200,9.4,7.133333333333334,137,150,1.0,77.0,19,89.6,9382.0,10184.0,109,172
2024-06-21 15:04:17,8.01,936,4221.0,152,185,3.8,173,214,8.783333333333333,5.666666666666667,21,30,1.05,80.6,27,87.8,4166.0,5087.0,109,133
2024-06-20 15:06:28,6.82,782,3602.0,149,162,3.3,171,182,8.8,7.666666666666667,32,0,1.07,77.0,9,87.8,3573.0,3685.0,123,161
2024-06-19 19:30:04,6.68,779,3663.0,143,159,3.2,170,179,9.15,7.466666666666667,3,15,1.03,69.8,9,87.8,3655.0,3920.0,7,28
2024-06-18 20:18:17,7.17,840,3601.0,155,175,4.0,176,200,8.383333333333333,6.433333333333334,24,42,1.09,75.2,10,86.0,3598.0,3655.0,360,383
2024-06-16 17:27:54,14.23,1709,7650.0,154,176,4.5,171,188,8.966666666666667,8.066666666666666,108,104,1.05,78.8,18,89.6,7550.0,8032.0,122,171
2024-06-15 19:56:00,6.64,770,3605.0,143,157,3.2,171,182,9.05,7.766666666666667,7,17,1.04,71.6,9,87.8,3589.0,3650.0,105,125
2024-06-14 11:21:48,6.81,788,3602.0,147,174,3.6,172,221,8.816666666666666,5.45,21,7,1.06,73.4,27,89.6,3581.0,3751.0,117,134
2024-06-13 11:25:56,6.71,797,3673.0,148,167,3.4,169,184,9.116666666666667,7.75,79,60,1.05,71.6,8,84.2,3642.0,4602.0,117,154
2024-06-12 11:33:23,7.02,806,3634.0,146,166,3.6,171,188,8.633333333333333,7.433333333333334,16,21,1.09,68.0,9,84.2,3609.0,3788.0,117,128
2024-06-11 11:26:04,7.15,824,3605.0,149,183,3.7,175,202,8.4,6.216666666666667,46,54,1.09,64.4,9,82.4,3574.0,3937.0,98,128
2024-06-10 17:41:55,2.98,326,2616.0,109,140,1.5,139,188,14.633333333333333,8.183333333333334,32,31,0.79,75.2,4,87.8,2586.0,2739.0,116,140
2024-06-09 17:57:54,8.5,963,4702.0,141,164,3.4,169,188,9.216666666666669,7.916666666666667,30,25,1.03,73.4,9,86.0,4668.0,5144.0,117,129
2024-06-08 13:38:55,5.47,638,2631.0,158,179,4.0,176,192,8.016666666666667,6.666666666666667,44,12,1.14,78.8,6,89.6,2617.0,2814.0,123,154
2024-06-07 18:54:20,6.5,741,3587.0,139,163,3.1,170,222,9.2,5.466666666666667,3,7,1.03,73.4,7,82.4,3547.0,6707.0,114,125
2024-06-06 11:13:29,7.11,863,3949.0,151,169,3.6,169,181,9.266666666666667,7.933333333333334,66,59,1.03,73.4,8,86.0,3920.0,5011.0,112,156
2024-06-03 17:12:32,2.56,272,1763.0,114,135,1.6,160,181,11.5,8.783333333333333,8,18,0.87,73.4,3,86.0,1753.0,3665.0,96,121
2024-06-01 17:58:02,6.19,721,3448.0,144,160,3.1,169,180,9.283333333333331,7.783333333333333,13,21,1.02,77.0,7,87.8,3421.0,3697.0,96,123
2024-05-31 12:38:36,7.1,845,3922.0,150,173,3.4,168,183,9.216666666666669,7.85,63,60,1.04,75.2,8,87.8,3889.0,4215.0,111,143
2024-05-30 19:22:25,3.38,384,1771.0,144,181,3.0,172,203,8.733333333333333,5.933333333333334,20,37,1.06,73.4,4,87.8,1762.0,2177.0,99,123
2024-05-29 11:11:25,7.16,830,3833.0,145,158,3.4,170,182,8.916666666666666,7.966666666666667,30,22,1.06,71.6,8,86.0,3810.0,4039.0,114,129
2024-05-28 18:59:02,7.07,809,3741.0,145,158,3.3,169,187,8.816666666666666,8.066666666666666,7,4,1.08,69.8,8,89.6,3722.0,3872.0,110,125
2024-05-24 09:33:00,4.15,517,2172.0,157,182,3.4,168,179,8.716666666666667,7.666666666666667,42,38,1.1,86.0,5,98.6,2149.0,2434.0,-9,10
2024-05-21 12:12:53,4.0,498,1943.0,167,188,3.8,170,180,8.083333333333334,7.583333333333333,99,102,1.17,80.6,5,98.6,1932.0,2016.0,-3,75
2024-05-18 18:43:09,4.55,548,2716.0,138,163,2.7,164,177,9.933333333333334,8.6,16,18,0.99,91.4,5,93.2,2694.0,3056.0,54,72
2024-05-16 15:08:00,5.01,573,2690.0,142,158,3.0,170,186,8.966666666666667,7.933333333333334,53,50,1.05,80.6,6,91.4,2663.0,3058.0,117,136
2024-05-15 10:52:29,7.08,844,3773.0,151,167,3.5,170,181,8.883333333333333,7.45,83,79,1.07,78.8,8,87.8,3748.0,4725.0,123,162
2024-05-14 11:04:29,7.08,814,3582.0,147,164,3.6,172,186,8.433333333333334,7.65,25,17,1.11,78.8,8,87.8,3555.0,3810.0,114,129
2024-05-13 11:08:55,3.38,393,1848.0,139,161,2.7,169,185,9.133333333333333,8.1,63,55,1.04,75.2,4,84.2,1816.0,3126.0,62,95
2024-05-12 15:25:31,0.57,67,314.6,141,152,1.2,174,183,9.166666666666666,8.85,0,0,1.01,80.6,1,84.2,314.0,322.1,162,167
2024-05-12 12:05:08,11.63,1365,6513.0,136,152,3.7,171,183,9.333333333333334,8.333333333333334,120,94,1.01,73.4,12,86.0,6480.0,6976.0,117,180
2024-05-11 11:34:59,4.14,475,2002.0,148,163,3.4,174,188,8.05,7.033333333333333,12,15,1.15,69.8,5,84.2,1993.0,2080.0,62,70
2024-05-10 13:06:01,5.44,619,3124.0,134,169,2.9,166,188,9.566666666666666,7.733333333333333,78,66,1.01,77.0,6,91.4,3087.0,5077.0,122,152
2024-05-09 11:02:22,4.26,470,2351.0,134,159,2.9,166,186,9.2,7.85,66,47,1.05,71.6,5,84.2,2315.0,3211.0,69,99
2024-05-08 11:18:33,7.1,842,3669.0,150,164,3.7,171,190,8.616666666666667,7.383333333333334,34,31,1.09,68.0,8,86.0,3659.0,3714.0,115,131
2024-05-07 10:37:12,7.3,874,3871.0,149,164,3.5,172,186,8.833333333333334,7.733333333333333,60,74,1.06,62.6,8,86.0,3847.0,5462.0,96,135
2024-05-06 18:11:50,4.35,501,2139.0,147,179,3.4,173,210,8.2,5.683333333333334,12,7,1.14,71.6,5,86.0,2123.0,2271.0,59,72
2024-05-05 18:52:27,4.6,522,2525.0,135,153,2.9,168,188,9.15,7.933333333333334,61,67,1.05,71.6,5,89.6,2512.0,2919.0,102,140
2024-05-03 16:59:43,7.15,839,3796.0,149,176,3.5,169,179,8.85,7.55,66,53,1.08,77.0,8,87.8,3772.0,4481.0,110,147
2024-05-02 18:38:35,4.0,456,2115.0,149,181,3.4,167,199,8.8,6.216666666666667,40,34,1.09,80.6,5,86.0,2093.0,2712.0,114,144
2024-04-29 18:51:21,4.64,524,2288.0,148,162,3.3,170,187,8.216666666666667,7.45,22,16,1.15,75.2,5,86.0,2254.0,3239.0,116,127
2024-04-26 17:20:34,7.22,839,3642.0,149,163,3.7,172,231,8.4,7.183333333333334,29,17,1.12,66.2,8,80.6,3635.0,3739.0,112,127
2024-04-25 18:00:22,4.38,509,2283.0,146,170,3.0,170,187,8.683333333333334,7.333333333333333,60,57,1.09,60.8,5,77.0,2268.0,3760.0,99,133
2024-04-23 18:55:36,4.14,487,2211.0,147,172,2.9,171,196,8.916666666666666,7.216666666666667,67,55,1.06,57.2,5,84.2,2184.0,4036.0,63,101
2024-04-22 19:55:15,4.01,475,2013.0,152,169,3.4,171,189,8.383333333333333,7.116666666666666,14,12,1.12,57.2,5,86.0,2000.0,2089.0,115,132
2024-04-21 17:20:09,7.27,848,3515.0,155,168,4.1,174,184,8.066666666666666,6.766666666666667,33,51,1.15,57.2,8,82.4,3505.0,3575.0,96,141
2024-04-20 11:57:43,4.5,545,2224.0,148,174,3.7,172,188,8.233333333333333,6.366666666666666,76,93,1.13,55.4,5,82.4,2218.0,2343.0,96,141
2024-04-18 16:30:27,3.12,366,1546.0,154,169,3.2,171,186,8.266666666666667,7.483333333333333,7,4,1.14,66.2,4,82.4,1536.0,1613.0,68,75
2024-04-11 18:32:21,5.18,613,2584.0,151,164,3.5,172,181,8.316666666666666,7.783333333333333,56,56,1.13,64.4,6,86.0,2576.0,2612.0,886,913
2024-04-09 18:15:24,5.14,623,2651.0,153,163,3.5,170,183,8.6,7.266666666666667,65,65,1.1,69.8,6,87.8,2633.0,2754.0,879,917
2024-04-08 17:38:10,6.25,766,3127.0,159,176,4.0,171,181,8.333333333333334,7.683333333333334,92,86,1.13,73.4,7,86.0,3125.0,3127.0,886,920
2024-04-07 19:50:55,2.05,251,1023.0,154,169,2.9,169,200,8.3,5.983333333333333,45,46,1.14,64.4,3,80.6,1022.0,1023.0,1153,1178
2024-04-05 06:02:37,5.2,629,2626.0,153,171,3.5,176,196,8.4,7.216666666666667,115,163,1.09,60.8,6,86.0,2620.0,4445.0,461,539
2024-04-04 08:12:46,4.12,481,2044.0,150,165,3.3,174,188,8.266666666666667,7.266666666666667,64,72,1.12,68.0,5,86.0,2015.0,2165.0,479,539
2024-04-03 07:33:16,5.01,608,2578.0,153,169,3.6,172,184,8.583333333333334,7.433333333333334,118,114,1.09,62.6,6,80.6,2567.0,2734.0,479,526
2024-03-31 08:49:00,2.01,224,905.0,155,173,2.9,180,198,7.516666666666667,6.466666666666667,20,19,1.19,60.8,3,87.8,904.0,905.0,103,114
2024-03-30 08:37:24,5.51,640,2621.0,157,170,3.8,175,188,7.933333333333334,7.133333333333334,110,98,1.16,66.2,6,84.2,2611.0,2658.0,15,43
2024-03-27 17:31:56,6.01,696,3099.0,145,162,3.4,169,181,8.6,7.75,56,59,1.1,68.0,7,86.0,3084.0,3445.0,112,142
2024-03-26 17:47:49,7.01,844,3567.0,156,179,3.9,169,181,8.483333333333333,7.416666666666667,74,60,1.12,66.2,8,80.6,3547.0,4439.0,119,156
2024-03-24 18:26:19,4.61,552,2377.0,151,165,3.2,169,179,8.583333333333334,7.616666666666667,67,61,1.11,59.0,5,71.6,2363.0,2948.0,117,147
2024-03-22 14:24:17,4.01,468,1979.0,153,167,3.3,171,181,8.233333333333333,7.7,8,7,1.14,64.4,5,80.6,1963.0,2080.0,119,131
2024-03-20 16:32:30,5.38,649,2718.0,155,168,3.8,170,182,8.433333333333334,7.483333333333333,84,92,1.12,71.6,6,84.2,2689.0,2858.0,58,77
2024-03-19 18:05:54,5.09,595,2535.0,151,176,3.6,169,188,8.283333333333333,7.233333333333333,4,18,1.15,60.8,6,82.4,2517.0,2730.0,100,125
2024-03-18 17:58:11,5.67,655,2841.0,149,167,3.6,169,181,8.366666666666667,7.483333333333333,7,21,1.14,57.2,6,82.4,2827.0,3629.0,97,126
2024-03-16 11:37:50,4.0,485,2094.0,148,163,3.4,168,181,8.716666666666667,7.966666666666667,72,93,1.1,66.2,5,77.0,2077.0,2174.0,85,105
2024-03-13 16:47:34,5.46,664,2943.0,150,173,3.4,170,176,8.983333333333333,8.35,46,51,1.06,60.8,6,84.2,2936.0,3059.0,902,929
2024-03-12 17:19:30,6.24,737,3378.0,145,163,3.4,168,179,9.016666666666667,7.166666666666667,72,67,1.06,69.8,7,89.6,3359.0,3543.0,900,932
2024-03-10 18:49:53,6.21,748,3229.0,153,166,3.7,172,189,8.666666666666666,6.466666666666667,57,49,1.08,46.4,7,86.0,3212.0,3295.0,896,930
2024-03-09 18:18:32,2.16,250,1039.0,153,168,3.0,173,186,8.033333333333333,7.433333333333334,40,44,1.16,53.6,3,84.2,1035.0,1049.0,898,928
2024-03-07 17:56:07,5.14,615,2816.0,144,161,3.2,169,177,9.133333333333333,8.5,60,57,1.04,55.4,6,84.2,2804.0,2833.0,904,929
2024-03-06 17:30:36,5.13,631,2811.0,151,179,3.5,168,176,9.133333333333333,7.916666666666667,50,62,1.05,50.0,6,82.4,2784.0,2963.0,896,928
2024-03-04 17:55:24,2.01,236,1064.0,147,172,2.5,168,176,8.85,7.85,31,34,1.08,75.2,3,82.4,1063.0,1094.0,908,929
2024-03-03 15:38:43,5.11,588,2501.0,153,167,3.6,172,187,8.15,7.55,135,129,1.15,73.4,6,86.0,2485.0,2667.0,907,936
2024-03-02 17:22:45,4.48,505,1978.0,161,186,4.1,180,203,7.366666666666666,6.233333333333333,59,55,1.22,59.0,5,82.4,1976.0,2029.0,904,934
2024-02-27 10:50:17,6.0,701,3101.0,151,178,3.7,172,189,8.6,7.75,194,193,1.08,75.2,7,84.2,3089.0,3242.0,845,953
2024-02-26 11:40:41,6.0,696,3004.0,152,182,4.0,169,188,8.333333333333334,6.783333333333333,167,106,1.14,64.4,7,86.0,2977.0,3348.0,848,992
2024-02-20 17:02:00,4.01,451,1786.0,164,186,4.0,178,196,7.433333333333334,6.25,36,27,1.22,64.4,5,84.2,1779.0,1846.0,638,657
2024-02-16 07:04:36,3.67,479,2075.0,150,165,3.4,169,194,9.433333333333334,7.933333333333334,110,116,1.01,69.8,4,84.2,2068.0,2075.0,477,517
2024-02-14 17:44:05,6.19,781,3452.0,149,169,3.8,168,182,9.3,7.45,116,121,1.03,73.4,7,82.4,3450.0,4211.0,407,444
2024-02-13 16:48:55,6.0,729,3607.0,133,150,3.2,166,196,10.016666666666667,6.633333333333333,96,126,0.97,69.8,7,84.2,3600.0,3689.0,442,478
2024-02-10 17:23:54,4.54,538,2251.0,154,175,3.8,174,190,8.266666666666667,6.266666666666667,59,62,1.12,50.0,5,84.2,2250.0,2251.0,891,930
2024-02-09 16:53:17,5.19,619,2635.0,150,166,3.9,175,192,8.466666666666667,7.75,82,87,1.09,59.0,6,87.8,2633.0,2639.0,890,932
2024-02-08 17:07:00,5.17,623,2557.0,158,173,4.2,175,186,8.233333333333333,7.75,135,140,1.12,62.6,6,87.8,2556.0,2573.0,879,931
2024-02-07 17:13:36,4.0,489,2045.0,156,168,3.7,172,187,8.516666666666667,7.983333333333333,66,66,1.1,59.0,5,82.4,2038.0,2045.0,907,928
2024-02-06 17:11:04,5.02,609,2522.0,156,170,4.0,174,184,8.383333333333333,7.983333333333333,60,65,1.1,48.2,6,86.0,2518.0,2544.0,902,931
2024-02-05 15:08:11,4.0,488,2022.0,155,167,3.7,172,186,8.416666666666666,7.533333333333333,61,66,1.11,55.4,5,84.2,2010.0,2065.0,896,925
2024-02-04 15:32:15,3.06,395,1701.0,158,179,3.3,172,188,9.25,8.45,56,62,1.01,50.0,4,80.6,1697.0,1803.0,923,957
2024-02-03 14:46:17,10.15,1268,5365.0,158,182,4.8,171,182,8.816666666666666,7.7,154,167,1.07,51.8,11,80.6,5361.0,5794.0,912,951
2023-12-21 16:13:53,7.19,837,3563.0,156,169,3.7,172,217,8.266666666666667,7.466666666666667,52,69,1.13,62.6,8,82.4,3558.0,3658.0,906,949
2023-12-20 16:38:41,3.15,356,1519.0,154,171,3.1,173,186,8.05,6.783333333333333,138,161,1.16,53.6,4,80.6,1512.0,1519.0,604,890
2023-12-16 09:58:56,3.12,400,1748.0,155,179,3.3,168,182,9.333333333333334,8.05,138,141,1.03,55.4,4,82.4,1744.0,2066.0,-83,-10
2023-12-15 09:42:40,4.36,530,2333.0,153,169,3.0,174,188,8.9,6.833333333333333,43,82,1.04,48.2,5,73.4,2325.0,2672.0,-36,4
2023-12-14 15:08:35,8.01,854,3622.0,159,186,4.1,173,243,7.533333333333333,2.7666666666666666,75,79,1.23,44.6,9,69.8,3614.0,4269.0,20,82
2023-12-12 13:32:12,8.01,926,3856.0,159,190,4.1,170,190,8.033333333333333,6.633333333333333,56,125,1.18,55.4,9,80.6,3843.0,4760.0,171,193
2023-12-11 16:00:18,5.08,623,2486.0,162,184,4.0,171,221,8.166666666666666,5.45,7,20,1.15,53.6,6,69.8,2458.0,2674.0,162,177
2023-12-09 11:06:13,3.37,369,1750.0,144,175,2.6,167,198,8.65,7.033333333333333,108,144,1.11,60.8,4,75.2,1744.0,2026.0,12,118
2023-12-05 11:12:11,5.02,551,2391.0,150,170,3.4,171,209,7.95,5.816666666666666,167,157,1.18,46.4,6,69.8,2386.0,2477.0,3238,3336
2023-12-03 16:00:10,6.63,683,3008.0,151,170,3.5,173,190,7.566666666666666,4.283333333333333,125,92,1.23,41.0,7,66.2,3005.0,3400.0,72,146
2023-12-02 15:49:17,5.05,631,2836.0,152,167,3.1,168,181,9.366666666666667,6.533333333333333,177,151,1.02,50.0,6,80.6,2826.0,3750.0,100,172
2023-12-01 15:14:51,8.0,906,3849.0,156,185,4.1,171,202,8.016666666666667,5.5,85,108,1.17,42.8,9,77.0,3828.0,4279.0,66,142
2023-11-29 14:54:48,8.01,916,4061.0,152,165,3.5,172,188,8.45,7.016666666666667,82,75,1.1,39.2,9,75.2,4049.0,4683.0,70,121
2023-11-28 16:11:26,4.04,459,2018.0,148,163,3.1,168,183,8.333333333333334,7.3,95,75,1.15,44.6,5,68.0,2009.0,2129.0,453,497
2023-11-24 09:44:36,7.15,844,3842.0,151,178,3.2,168,217,8.95,6.716666666666667,354,627,1.07,55.4,8,80.6,3826.0,5812.0,812,1377
2023-11-21 17:20:40,1.0,124,515.3,150,159,2.1,168,179,8.55,3.2666666666666666,23,56,1.12,50.0,2,55.4,513.4,560.5,66,128
2023-11-21 16:41:59,3.01,253,1165.0,142,164,2.6,199,224,6.45,5.533333333333333,33,23,1.25,48.2,4,59.0,1164.0,1728.0,114,141
2023-11-21 16:13:04,2.44,265,1168.0,145,169,2.6,173,208,8.0,7.166666666666667,92,62,1.16,51.8,3,82.4,1148.0,1344.0,93,509
2023-11-18 15:09:16,13.29,1209,6510.0,144,164,3.0,169,204,8.166666666666666,6.266666666666667,157,144,1.16,55.4,14,80.6,6492.0,8494.0,283,350
2023-11-16 14:43:43,7.25,774,3479.0,148,174,3.1,170,194,8.0,6.283333333333333,131,98,1.19,57.2,8,78.8,3465.0,4174.0,269,344
2023-11-14 16:12:58,6.22,660,2932.0,151,175,3.1,178,228,7.866666666666667,5.233333333333333,135,131,1.14,59.0,7,78.8,2920.0,4851.0,307,375
2023-11-13 16:45:33,4.46,468,2222.0,141,170,2.8,172,190,8.3,6.4,121,75,1.13,60.8,5,77.0,2192.0,2302.0,232,287
2023-11-10 09:27:36,4.01,367,2089.0,131,145,1.9,165,184,8.7,6.8,75,75,1.12,60.8,5,77.0,2077.0,2566.0,157,194
2023-11-08 12:31:24,8.92,867,4445.0,143,160,2.6,171,190,8.3,6.916666666666667,197,194,1.14,59.0,9,77.0,4414.0,5230.0,58,159
2023-11-07 14:57:02,5.07,472,2392.0,141,171,2.6,176,208,7.866666666666667,6.0,128,115,1.16,59.0,6,82.4,2387.0,3529.0,89,157
2023-11-06 15:52:27,10.0,1059,4651.0,154,184,3.4,173,198,7.75,5.416666666666667,141,135,1.2,60.8,11,77.0,4638.0,5513.0,62,131
2023-11-04 12:17:15,5.74,625,2907.0,146,165,2.8,171,194,8.433333333333334,6.633333333333333,262,243,1.11,64.4,6,77.0,2903.0,3473.0,99,225
2023-11-03 16:46:16,5.1,529,2439.0,146,164,2.8,176,210,7.966666666666667,6.15,128,112,1.15,57.2,6,75.2,2427.0,3637.0,100,161
2023-11-02 16:01:09,8.0,831,3881.0,147,167,2.9,170,188,8.083333333333334,6.75,135,118,1.17,60.8,9,82.4,3860.0,4348.0,78,152
2023-11-01 15:53:25,4.15,489,2036.0,154,177,3.1,173,200,8.166666666666666,6.45,131,121,1.14,66.2,5,77.0,2035.0,2681.0,94,165
2023-10-31 16:03:41,7.09,727,3486.0,144,162,2.9,170,217,8.2,7.183333333333334,112,141,1.15,60.8,8,73.4,3477.0,4391.0,68,152
2023-10-30 16:09:00,8.54,809,4308.0,141,156,2.5,169,196,8.416666666666666,6.75,98,89,1.13,64.4,9,80.6,4283.0,5072.0,81,166
2023-10-27 16:42:55,7.01,759,3486.0,147,166,3.0,171,192,8.283333333333333,6.866666666666667,79,92,1.13,66.2,8,80.6,3482.0,3836.0,116,161
2023-10-26 17:29:14,8.06,875,4032.0,147,164,3.0,172,203,8.333333333333334,5.883333333333333,105,108,1.13,59.0,9,84.2,4022.0,4079.0,9419,9555
2023-10-25 15:10:56,7.23,801,3287.0,158,186,3.8,174,200,7.583333333333333,6.366666666666666,108,102,1.22,62.6,8,87.8,3275.0,3908.0,9075,9426
2023-10-23 17:57:44,7.43,774,3722.0,145,169,2.8,172,194,8.35,7.1,98,92,1.12,59.0,8,78.8,3720.0,3786.0,9047,9388
2023-10-21 16:29:26,10.95,1084,5440.0,144,163,3.0,168,182,8.283333333333333,7.1,92,125,1.16,64.4,11,80.6,5425.0,7580.0,9343,9490
2023-10-19 17:40:10,6.32,742,3182.0,150,165,3.3,171,180,8.383333333333333,7.433333333333334,112,108,1.12,59.0,7,80.6,3179.0,3205.0,9117,9499
2023-10-18 16:15:06,6.22,683,2770.0,158,179,3.9,180,202,7.433333333333334,6.033333333333333,125,102,1.2,57.2,7,82.4,2767.0,2807.0,8907,9159
2023-10-17 17:45:37,8.01,927,4134.0,150,178,3.5,168,183,8.6,7.416666666666667,115,92,1.11,51.8,9,82.4,4122.0,4885.0,8873,9049
2023-10-14 14:36:08,12.48,1349,5854.0,156,175,3.7,169,190,7.816666666666666,5.733333333333333,121,125,1.22,59.0,13,75.2,5830.0,7375.0,9008,9088
2023-10-12 18:43:42,5.02,527,2508.0,142,162,2.8,168,184,8.333333333333334,6.083333333333333,98,112,1.15,68.0,6,78.8,2503.0,2871.0,9058,9100
2023-10-10 17:21:27,5.2,556,2415.0,150,172,3.4,171,188,7.733333333333333,6.733333333333333,121,98,1.22,66.2,6,82.4,2412.0,2633.0,9052,9110
2023-10-09 16:14:54,9.03,890,4007.0,151,176,3.3,172,194,7.4,6.366666666666666,141,105,1.26,59.0,10,82.4,3995.0,5141.0,9041,9108
2023-10-07 14:48:11,3.36,370,1654.0,147,168,3.0,169,182,8.216666666666667,7.016666666666667,108,108,1.16,68.0,4,78.8,1632.0,2003.0,9067,9127
2023-10-06 15:25:12,5.03,515,2168.0,156,180,3.5,177,193,7.183333333333334,5.35,128,92,1.27,64.4,6,78.8,2162.0,2288.0,9027,9101
2023-10-03 17:12:08,9.4,985,4378.0,155,178,3.7,170,186,7.766666666666667,4.95,190,305,1.22,66.2,10,82.4,4358.0,5167.0,9072,9211
2023-10-02 16:11:36,6.24,697,2859.0,159,181,3.9,170,184,7.65,6.133333333333334,118,102,1.24,78.8,7,80.6,2837.0,3061.0,9147,9205
2023-09-28 09:31:22,6.89,698,3647.0,141,167,2.8,166,203,8.833333333333334,6.716666666666667,148,151,1.1,71.6,7,80.6,3548.0,4987.0,6230,6330
2023-09-25 18:49:38,5.84,622,2932.0,147,165,3.0,169,182,8.366666666666667,6.833333333333333,115,112,1.14,71.6,6,80.6,2922.0,3409.0,140,201
2023-09-24 18:27:24,8.01,833,3629.0,155,174,3.6,171,190,7.55,6.45,128,135,1.24,68.0,9,78.8,3622.0,4498.0,145,215
2023-09-23 18:10:26,5.72,620,2646.0,153,169,3.5,172,190,7.7,6.683333333333334,56,62,1.22,69.8,6,80.6,2640.0,2878.0,205,240
2023-09-22 18:25:01,7.02,664,3136.0,147,181,3.1,168,192,7.45,6.116666666666666,75,102,1.29,68.0,8,82.4,3127.0,4182.0,178,260
2023-09-20 17:47:32,6.22,676,2893.0,155,173,3.6,170,194,7.75,6.333333333333333,102,75,1.22,77.0,7,82.4,2890.0,3225.0,201,356
2023-09-17 17:46:41,6.1,707,3359.0,146,180,3.0,167,203,9.183333333333334,7.3,194,167,1.05,78.8,7,86.0,3349.0,4074.0,199,291
2023-09-16 15:52:44,8.16,754,4116.0,140,165,2.5,165,186,8.4,6.4,112,102,1.16,77.0,9,91.4,4095.0,5430.0,95,245
2023-09-13 17:57:37,7.63,887,3736.0,154,171,3.8,174,184,8.166666666666666,7.566666666666666,98,102,1.13,64.4,8,82.4,3732.0,3757.0,910,953
2023-09-12 07:29:18,5.31,605,2427.0,160,176,3.8,178,198,7.616666666666667,6.333333333333333,167,164,1.19,62.6,6,78.8,2424.0,2441.0,2133,2205
2023-09-05 17:59:54,12.47,1377,5934.0,158,186,3.8,174,192,7.933333333333334,6.366666666666666,358,322,1.17,73.4,14,82.4,5925.0,6660.0,-4,171
2023-09-04 19:36:02,2.88,343,1610.0,144,164,2.5,165,173,9.316666666666666,8.533333333333333,171,161,1.05,75.2,3,86.0,1609.0,1644.0,54,217
2023-09-03 17:08:31,14.3,1435,7141.0,151,181,3.1,173,190,8.316666666666666,6.466666666666667,531,499,1.12,75.2,16,84.2,7131.0,7560.0,-21,166
2023-09-02 10:14:25,4.14,502,2519.0,139,161,2.4,166,195,10.15,6.666666666666667,121,128,0.95,82.4,5,89.6,2515.0,2584.0,-35,82
2023-08-31 17:48:47,6.56,691,3476.0,144,169,2.7,169,180,8.833333333333334,7.6,351,285,1.08,69.8,8,80.6,3473.0,3681.0,-10,245
2023-08-30 19:25:47,4.81,553,3001.0,135,165,2.4,166,180,10.4,8.333333333333334,577,558,0.93,73.4,6,87.8,2999.0,3030.0,162,499
2023-08-29 18:47:43,4.3,475,2461.0,139,166,2.3,166,186,9.533333333333331,7.983333333333333,253,262,1.02,75.2,6,86.0,2459.0,2512.0,250,486
2023-08-27 06:30:17,26.4,2837,12377.0,161,185,3.9,179,208,7.816666666666666,6.85,495,518,1.15,60.8,27,77.0,12371.0,12377.0,-41,102
2023-08-26 11:29:33,2.15,266,1104.0,151,161,2.6,169,178,8.55,7.7,20,16,1.11,78.8,3,86.0,1103.0,1104.0,210,241
2023-08-25 10:58:23,4.29,530,2431.0,145,169,2.8,169,194,9.45,7.9,531,505,1.01,78.8,6,87.8,2430.0,2440.0,162,438
2023-08-24 19:02:22,7.23,786,3435.0,151,171,3.3,175,200,7.916666666666667,4.216666666666667,397,374,1.16,69.8,8,86.0,3423.0,3786.0,-22,297
2023-08-23 17:58:20,8.6,904,4056.0,151,177,3.2,177,210,7.85,5.466666666666667,233,243,1.15,73.4,26,89.6,4041.0,4419.0,-9,180
2023-08-22 19:07:51,6.37,737,3352.0,147,165,3.0,168,182,8.766666666666667,7.483333333333333,315,289,1.09,73.4,7,87.8,3340.0,3608.0,-7,215
2023-08-21 16:37:01,13.26,1614,7561.0,151,170,3.2,166,190,9.5,8.0,417,427,1.02,73.4,14,86.0,7528.0,8311.0,96,285
2023-08-19 18:34:39,7.51,779,3683.0,145,165,2.8,172,186,8.166666666666666,6.916666666666667,282,236,1.14,73.4,9,84.2,3676.0,3844.0,26,191
2023-08-18 18:41:18,8.46,894,4106.0,152,183,3.3,171,210,8.1,5.666666666666667,256,318,1.14,71.6,23,86.0,4090.0,4627.0,5,179
2023-08-17 17:23:58,6.41,771,3766.0,145,173,3.0,167,190,9.8,7.833333333333333,883,833,0.99,77.0,8,86.0,3761.0,3789.0,162,630
2023-08-16 19:53:47,0.4,52,229.0,143,155,0.8,162,169,9.566666666666666,8.983333333333333,39,0,1.04,78.8,1,78.8,229.0,244.2,360,402
2023-08-16 18:38:34,8.42,895,3963.0,153,176,3.4,175,208,7.85,6.116666666666666,535,236,1.17,73.4,25,87.8,3951.0,4447.0,230,456
2023-08-13 08:52:19,10.04,1065,5233.0,144,165,3.1,173,188,8.683333333333334,7.366666666666666,148,121,1.07,78.8,15,91.4,5216.0,7022.0,27,112
2023-08-11 12:27:18,9.25,972,4562.0,154,180,3.3,172,223,8.216666666666667,5.6,213,194,1.14,77.0,56,84.2,4517.0,4976.0,-18,188
2023-08-10 18:54:13,7.8,899,4501.0,145,172,3.0,169,196,9.616666666666667,8.0,1053,1037,0.99,73.4,10,84.2,4499.0,4508.0,162,711
2023-08-09 18:18:55,6.66,740,3624.0,142,165,3.0,168,182,9.066666666666666,7.816666666666666,351,338,1.06,75.2,9,84.2,3618.0,3814.0,-7,260
2023-08-08 20:21:47,0.82,123,676.0,131,153,1.2,116,176,13.8,3.3666666666666667,85,0,1.0,71.6,1,75.2,676.0,679.0,136,222
2023-08-08 18:50:51,9.95,1004,4492.0,157,181,4.1,182,205,7.533333333333333,5.55,112,164,1.18,71.6,13,86.0,4478.0,5331.0,42,205
2023-08-07 18:26:17,3.78,418,2402.0,129,152,1.8,166,184,10.583333333333334,9.066666666666666,305,299,0.92,73.4,5,82.4,2400.0,2455.0,85,303
2023-08-06 17:31:12,19.9,2188,9816.0,157,180,4.1,176,198,8.216666666666667,6.7,755,797,1.11,73.4,22,87.8,9804.0,10575.0,-16,186
2023-08-05 18:00:56,7.55,843,4314.0,140,172,2.6,168,188,9.533333333333331,8.383333333333333,561,564,1.0,73.4,9,84.2,4307.0,4507.0,-3,359
2023-08-04 19:40:29,6.75,736,3382.0,150,177,3.2,173,213,8.35,5.633333333333333,344,312,1.11,71.6,23,86.0,3375.0,3400.0,-5,264
2023-08-03 18:24:54,6.29,697,3604.0,141,165,2.4,165,184,9.55,8.033333333333333,367,344,1.02,77.0,7,84.2,3600.0,3758.0,59,300
2023-08-02 18:18:29,9.42,919,4562.0,147,170,3.0,173,192,8.066666666666666,6.7,243,243,1.15,75.2,19,86.0,4554.0,5256.0,-6,166
2023-08-01 18:37:19,6.41,728,3602.0,143,164,2.7,168,190,9.366666666666667,8.05,515,505,1.02,75.2,8,87.8,3599.0,3644.0,78,406
2023-07-31 20:55:56,1.34,188,748.0,162,173,2.4,171,180,9.3,8.45,98,23,1.01,77.0,2,78.8,748.0,754.0,64,144
2023-07-31 18:45:46,14.36,1444,7201.0,148,178,3.2,172,193,8.366666666666667,6.866666666666667,338,423,1.12,73.4,15,89.6,7185.0,7781.0,-215,167
2023-07-29 10:39:28,4.1,472,2416.0,137,156,2.4,170,195,9.816666666666666,7.85,217,187,0.96,75.2,5,84.2,2415.0,2444.0,-63,132
2023-07-28 17:39:00,9.29,1000,4561.0,154,181,3.4,173,222,8.183333333333334,4.816666666666666,240,190,1.13,78.8,31,86.0,4542.0,5088.0,-26,140
2023-07-27 18:35:13,6.24,730,3622.0,144,164,2.9,167,201,9.666666666666666,7.916666666666667,751,686,0.99,75.2,8,84.2,3618.0,3635.0,50,629
2023-07-25 16:48:42,24.24,2772,14029.0,155,173,3.7,166,184,9.65,7.7,804,814,1.01,71.6,26,89.6,14003.0,15453.0,123,312
2023-07-24 18:16:45,6.99,785,3602.0,149,165,3.1,168,182,8.6,7.2,371,371,1.11,77.0,9,87.8,3599.0,3777.0,104,402
2023-07-23 19:02:46,8.47,959,4383.0,149,175,3.4,171,201,8.633333333333333,6.483333333333333,531,548,1.09,77.0,12,86.0,4377.0,4720.0,712,953
2023-07-22 13:18:48,6.45,825,3676.0,151,174,3.2,168,184,9.5,7.55,843,774,1.01,78.8,8,89.6,3673.0,3688.0,155,622
2023-07-21 20:35:14,0.34,46,381.1,114,150,0.2,97,145,18.433333333333334,16.15,49,3,0.9,73.4,1,75.2,381.1,490.8,117,162
2023-07-21 19:11:20,9.0,895,4382.0,152,180,3.4,172,215,8.116666666666667,5.766666666666667,226,246,1.15,69.8,81,86.0,4360.0,5005.0,-35,150
2023-07-20 18:15:39,8.71,976,4502.0,151,168,3.1,168,188,8.616666666666667,6.816666666666666,338,315,1.12,71.6,11,84.2,4487.0,5079.0,-14,194
2023-07-19 19:59:56,2.26,260,1306.0,137,162,2.0,165,180,9.616666666666667,8.583333333333334,187,197,1.02,71.6,3,80.6,1305.0,1316.0,135,293
2023-07-18 18:43:38,10.2,1035,4922.0,151,177,3.2,176,200,8.033333333333333,6.283333333333333,141,223,1.13,71.6,21,82.4,4909.0,5379.0,-12,169
2023-07-17 18:47:30,4.04,491,2440.0,140,162,2.4,163,178,10.083333333333334,8.116666666666667,256,194,0.98,73.4,5,82.4,2427.0,2549.0,38,224
2023-07-16 16:00:06,15.54,1795,7505.0,161,181,4.4,175,192,8.05,6.5,846,331,1.14,75.2,19,86.0,7493.0,10747.0,-23,172
2023-07-15 18:42:59,6.86,708,3602.0,140,157,2.6,167,200,8.75,7.35,348,292,1.1,73.4,9,84.2,3570.0,3951.0,-18,257
2023-07-14 20:35:18,0.63,85,372.8,146,154,1.4,166,190,9.816666666666666,4.666666666666667,85,10,0.99,69.8,1,73.4,372.8,372.8,210,296
2023-07-14 19:05:07,9.68,984,4801.0,148,177,3.0,172,236,8.266666666666667,5.716666666666667,253,335,1.13,68.0,15,84.2,4778.0,5186.0,-243,262
2023-07-12 15:15:35,6.42,766,3603.0,149,170,3.0,168,188,9.35,8.15,686,669,1.02,77.0,8,89.6,3597.0,3623.0,117,404
2023-07-11 17:40:17,10.23,1138,4802.0,161,187,4.7,177,198,7.816666666666666,6.4,220,259,1.16,69.8,13,84.2,4787.0,5431.0,-84,184
2023-07-10 18:52:23,4.26,492,2404.0,140,159,2.6,167,186,9.4,8.433333333333334,249,203,1.03,75.2,6,82.4,2395.0,2442.0,47,270
2023-07-09 10:12:17,13.07,1400,7203.0,146,173,3.0,172,184,9.183333333333334,7.583333333333333,338,338,1.02,75.2,15,87.8,7192.0,7451.0,-24,157
2023-07-08 18:40:25,6.96,745,3603.0,144,159,3.0,169,184,8.633333333333333,7.133333333333334,397,285,1.1,69.8,9,80.6,3599.0,3860.0,-22,287
2023-07-07 19:11:13,7.34,913,4202.0,154,182,3.6,172,209,9.55,6.416666666666667,1211,1158,0.98,69.8,27,78.8,4195.0,4218.0,169,647
2023-07-06 18:47:04,3.26,393,1825.0,145,161,2.5,165,176,9.333333333333334,7.616666666666667,131,131,1.05,69.8,4,84.2,1819.0,1861.0,-11,115
2023-07-05 18:27:52,6.66,775,3602.0,147,172,3.0,169,196,9.016666666666667,2.8166666666666664,587,561,1.05,71.6,9,80.6,3593.0,3637.0,66,402
2023-07-04 16:14:30,0.53,69,286.0,153,163,1.4,171,180,9.033333333333331,8.1,59,0,1.04,82.4,1,84.2,286.0,295.8,268,328
2023-07-04 14:56:54,8.27,906,3962.0,156,179,3.4,175,205,7.983333333333333,6.016666666666667,233,269,1.15,75.2,25,86.0,3945.0,4584.0,147,355
2023-07-02 15:25:39,20.51,2263,11667.0,149,175,3.4,168,184,9.483333333333333,7.016666666666667,876,906,1.01,71.6,22,87.8,11642.0,12407.0,143,320
2023-06-30 14:11:48,6.18,744,2912.0,163,178,4.0,174,197,7.85,6.766666666666667,187,197,1.18,77.0,7,82.4,2905.0,3026.0,78,232
2023-06-29 19:09:27,4.49,509,2188.0,153,174,3.1,170,186,8.116666666666667,7.166666666666667,131,171,1.16,71.6,5,84.2,2187.0,2346.0,95,222
2023-06-28 17:34:46,6.41,738,3601.0,144,168,2.7,166,180,9.366666666666667,7.266666666666667,344,335,1.03,73.4,8,82.4,3589.0,3640.0,135,310
2023-06-27 18:43:29,10.08,1089,4862.0,155,174,3.5,175,194,8.033333333333333,6.833333333333333,282,308,1.14,66.2,14,80.6,4849.0,5414.0,70,264
2023-06-25 16:41:36,16.16,1827,8876.0,155,180,3.4,171,194,9.15,7.066666666666666,1037,971,1.03,69.8,20,82.4,8862.0,10423.0,-7,386
2023-06-24 19:03:20,6.09,754,3604.0,147,164,2.8,167,192,9.866666666666667,7.683333333333334,801,761,0.97,68.0,8,80.6,3597.0,3695.0,133,607
2023-06-23 20:54:08,0.85,126,565.7,147,165,2.0,152,178,11.05,7.116666666666666,66,0,0.96,71.6,1,73.4,563.0,575.3,54,135
2023-06-23 19:43:46,7.18,764,3569.0,150,185,3.2,172,210,8.283333333333333,5.516666666666667,190,302,1.12,66.2,25,78.8,3562.0,4193.0,-31,164
2023-06-22 18:54:10,8.09,828,4203.0,144,164,2.7,168,186,8.65,6.783333333333333,397,364,1.11,69.8,10,78.8,4189.0,4535.0,-11,299
2023-06-21 17:35:33,6.57,780,3603.0,149,174,3.1,166,180,9.15,7.616666666666667,354,292,1.06,73.4,9,82.4,3594.0,3877.0,-16,231
2023-06-20 20:07:13,0.43,53,483.6,114,136,0.3,103,173,18.53333333333333,8.633333333333333,39,26,0.84,73.4,1,75.2,478.0,483.6,128,159
2023-06-20 18:31:17,10.45,1099,5099.0,157,183,3.6,172,203,8.133333333333333,5.866666666666667,180,194,1.13,69.8,23,82.4,5075.0,5654.0,-27,159
2023-06-19 16:22:23,4.37,528,2432.0,147,172,3.0,165,179,9.266666666666667,8.0,276,276,1.05,73.4,6,84.2,2424.0,2485.0,51,298
2023-06-18 17:44:30,11.38,1274,6005.0,151,176,3.3,172,205,8.783333333333333,7.2,705,656,1.07,66.2,14,82.4,5998.0,6610.0,-5,413
2023-06-17 19:33:52,6.18,746,3602.0,147,165,3.0,170,192,9.716666666666669,8.116666666666667,804,827,0.98,69.8,8,84.2,3599.0,3613.0,150,631
2023-06-16 19:07:29,1.15,147,658.0,145,154,2.0,168,176,9.533333333333331,7.666666666666667,141,52,1.0,69.8,2,73.4,658.0,658.0,42,188
2023-06-16 17:30:47,8.39,844,4203.0,147,177,2.7,170,217,8.35,5.133333333333334,128,249,1.13,69.8,31,77.0,4175.0,5623.0,-19,163
2023-06-15 18:33:43,6.82,772,3656.0,145,166,2.8,166,181,8.933333333333334,6.766666666666667,184,207,1.08,69.8,9,80.6,3651.0,4369.0,-22,133
2023-06-14 18:22:01,6.57,755,3607.0,147,168,3.0,168,188,9.15,8.1,535,564,1.04,69.8,9,80.6,3604.0,3621.0,73,505
2023-06-13 18:39:37,0.65,93,433.2,145,164,1.4,156,175,11.183333333333334,9.55,7,3,0.92,73.4,1,78.8,432.0,433.2,-14,-5
2023-06-13 17:35:08,7.61,859,3663.0,156,173,3.5,176,198,8.016666666666667,6.7,131,121,1.14,68.0,11,82.4,3658.0,3755.0,-27,50
2023-06-11 13:34:55,18.02,1962,10160.0,150,174,3.3,169,184,9.4,7.5,988,1017,1.01,71.6,20,82.4,10136.0,11336.0,-16,236
2023-06-10 08:39:22,6.11,683,3621.0,139,166,2.4,167,178,9.883333333333333,8.033333333333333,338,331,0.98,69.8,8,80.6,3603.0,3861.0,15,282
2023-06-09 19:48:18,1.02,137,634.0,144,154,2.0,163,175,10.416666666666666,8.166666666666666,138,66,0.95,68.0,2,71.6,633.0,634.0,111,243
2023-06-09 18:18:46,8.33,798,4228.0,142,172,2.6,164,224,8.466666666666667,5.383333333333334,138,174,1.14,69.8,19,78.8,4152.0,5082.0,-18,163
2023-06-08 18:36:08,3.93,500,2207.0,149,163,3.0,166,180,9.366666666666667,8.5,3,10,1.03,71.6,5,78.8,2202.0,2214.0,-14,1
2023-06-07 18:24:39,6.54,794,3608.0,149,170,3.1,166,184,9.183333333333334,7.616666666666667,308,325,1.06,71.6,8,82.4,3595.0,3772.0,60,281
2023-06-06 17:36:11,0.39,53,296.4,132,151,0.6,145,171,12.816666666666666,8.266666666666667,52,0,0.87,69.8,1,71.6,292.0,467.8,116,154
2023-06-06 16:05:02,9.1,1014,4564.0,155,180,3.6,172,196,8.35,6.6,210,213,1.12,68.0,19,80.6,4530.0,5272.0,-62,152
2023-06-05 09:09:56,4.06,499,2411.0,142,158,2.6,167,180,9.9,8.166666666666666,259,243,0.97,64.4,6,80.6,2402.0,2497.0,16,253
2023-06-04 09:20:37,12.0,1353,6448.0,154,184,3.9,174,200,8.966666666666667,6.25,180,282,1.02,68.0,18,82.4,6439.0,11463.0,-52,126
2023-06-03 18:45:01,6.23,745,3601.0,145,166,2.9,169,198,9.633333333333333,7.733333333333333,840,791,0.99,68.0,8,80.6,3597.0,3638.0,162,632
2023-06-02 20:18:32,1.07,136,660.0,138,152,1.7,164,175,10.3,8.766666666666667,118,20,0.95,68.0,2,71.6,656.0,763.0,45,152
2023-06-02 18:54:51,8.07,778,4113.0,147,183,3.3,172,208,8.483333333333333,5.566666666666666,108,197,1.1,68.0,69,80.6,4084.0,4650.0,-30,164
2023-06-01 18:25:33,7.44,859,4001.0,151,166,3.2,167,184,8.966666666666667,7.35,272,289,1.08,68.0,9,80.6,3989.0,4140.0,-23,166
2023-05-31 19:02:28,6.68,735,3603.0,145,163,2.7,168,188,8.983333333333333,7.033333333333333,413,394,1.07,69.8,9,82.4,3584.0,3831.0,54,288
2023-05-30 18:10:41,0.51,66,297.7,145,164,1.8,167,176,9.816666666666666,8.55,62,13,0.98,68.0,1,71.6,296.0,20260.0,134,190
2023-05-30 16:43:10,9.39,991,4562.0,155,185,3.9,174,200,8.1,5.95,148,207,1.14,68.0,19,80.6,4531.0,5026.0,-1,184
2023-05-29 18:05:25,4.15,491,2402.0,144,161,2.6,165,180,9.666666666666666,7.733333333333333,367,322,1.01,69.8,6,80.6,2401.0,2430.0,58,311
2023-05-28 12:44:45,11.15,1138,6003.0,144,165,2.9,171,184,8.966666666666667,7.533333333333333,233,213,1.05,69.8,13,82.4,5994.0,6170.0,-28,167
2023-05-27 18:24:41,6.97,784,3618.0,152,167,3.3,168,186,8.65,6.7,358,335,1.11,69.8,9,82.4,3612.0,3851.0,-82,219
2023-05-26 19:32:48,1.2,141,687.0,143,154,1.9,169,177,9.516666666666667,8.65,98,161,1.0,66.2,2,68.0,687.0,687.0,87,211
2023-05-26 18:32:05,6.15,746,3602.0,153,178,3.5,169,196,9.75,5.866666666666667,1017,942,0.97,66.2,26,77.0,3595.0,3626.0,84,580
2023-05-25 18:58:03,6.78,777,3625.0,151,167,3.1,168,184,8.9,7.933333333333334,554,568,1.07,68.0,9,78.8,3622.0,3661.0,69,430
2023-05-24 17:22:51,6.54,803,3603.0,154,173,3.3,169,190,9.183333333333334,6.133333333333334,830,778,1.04,69.8,8,80.6,3596.0,5010.0,162,645
2023-05-23 18:15:44,7.15,859,3661.0,160,185,3.9,173,215,8.533333333333333,5.1,56,52,1.08,77.0,21,86.0,3654.0,3770.0,919,948
2023-05-21 12:32:21,10.11,1264,5427.0,158,173,3.9,173,190,8.95,7.05,138,115,1.04,78.8,11,96.8,5407.0,5909.0,581,623
2023-05-20 16:08:50,7.12,806,3602.0,152,166,3.4,173,190,8.433333333333334,7.483333333333333,75,62,1.1,73.4,9,86.0,3597.0,3700.0,622,647
2023-05-18 17:48:33,6.76,812,3603.0,153,168,3.4,175,184,8.883333333333333,7.983333333333333,92,75,1.03,73.4,9,82.4,3602.0,3607.0,919,949
2023-05-17 19:23:43,1.96,233,1069.0,146,157,2.3,171,184,9.066666666666666,8.433333333333334,33,30,1.04,62.6,3,80.6,1066.0,1174.0,927,951
2023-05-16 17:36:36,7.2,793,3601.0,151,172,3.3,175,196,8.333333333333334,6.583333333333333,59,79,1.1,66.2,10,84.2,3597.0,3601.0,917,954
2023-05-15 18:05:33,4.13,507,2401.0,149,174,2.8,167,188,9.683333333333334,8.033333333333333,52,30,1.0,69.8,6,82.4,2398.0,2462.0,930,951
2023-05-14 11:24:23,14.3,1388,7716.0,146,162,3.0,171,184,9.0,7.766666666666667,285,233,1.05,60.8,16,80.6,7707.0,8060.0,889,970
2023-05-13 15:13:40,6.82,837,3659.0,155,167,3.6,168,176,8.933333333333334,8.1,361,92,1.07,73.4,9,84.2,3656.0,3684.0,666,951
2023-05-12 19:28:10,6.73,801,3602.0,155,174,3.4,170,208,8.916666666666666,5.383333333333334,66,69,1.06,66.2,27,86.0,3593.0,3633.0,895,953
2023-05-11 16:45:39,6.56,786,3603.0,152,165,3.2,168,178,9.15,6.716666666666667,59,43,1.05,82.4,8,87.8,3596.0,3776.0,923,959
2023-05-10 13:11:26,6.39,771,3602.0,148,168,3.1,167,182,9.4,7.416666666666667,56,46,1.03,80.6,8,89.6,3598.0,3626.0,929,951
2023-05-09 12:26:44,6.49,794,3603.0,151,191,3.4,169,199,9.25,6.083333333333333,89,72,1.03,77.0,9,86.0,3601.0,3621.0,927,950
2023-05-08 17:39:31,4.65,513,2628.0,139,152,2.4,168,177,9.416666666666666,7.9,56,49,1.02,60.8,5,82.4,2627.0,2641.0,917,955
2023-05-07 18:27:28,6.5,729,3262.0,151,165,3.3,171,182,8.366666666666667,6.916666666666667,85,56,1.13,71.6,7,86.0,3258.0,3331.0,926,975
2023-05-05 07:49:59,3.42,391,1768.0,151,173,2.9,172,219,8.616666666666667,5.1,207,197,1.08,66.2,4,80.6,1764.0,1793.0,891,984
2023-05-04 07:54:32,3.28,378,1707.0,150,166,2.9,170,181,8.683333333333334,7.483333333333333,223,236,1.09,60.8,4,80.6,1703.0,1735.0,914,997
2023-05-03 07:35:52,3.03,354,1498.0,156,172,3.1,170,186,8.233333333333333,6.616666666666667,236,243,1.15,60.8,4,82.4,1495.0,1498.0,976,1072
2023-05-01 17:38:17,3.51,455,1860.0,159,180,3.3,170,184,8.816666666666666,7.3,436,420,1.07,69.8,4,77.0,1857.0,1877.0,162,434
2023-04-30 09:35:31,3.12,393,1796.0,146,159,2.7,167,178,9.6,8.766666666666667,105,125,1.0,64.4,4,75.2,1794.0,1858.0,-44,79
2023-04-27 18:55:30,2.37,243,948.0,169,187,3.1,186,206,6.666666666666667,5.633333333333333,10,7,1.29,62.6,8,69.8,947.0,948.0,17,41
2023-04-26 08:31:20,3.0,223,1101.0,143,158,2.3,195,210,6.133333333333334,5.3,46,26,1.35,59.0,6,68.0,1100.0,1853.0,14,45
2023-04-26 08:18:26,1.06,109,572.7,134,162,1.4,169,203,8.983333333333333,5.766666666666667,0,0,1.06,66.2,2,75.2,569.0,582.1,17,27
2023-04-25 17:53:18,3.83,500,2141.0,158,179,3.4,167,190,9.3,7.466666666666667,423,413,1.03,68.0,4,82.4,2137.0,2164.0,22,336
2023-04-24 18:01:34,5.23,653,3005.0,152,176,3.1,169,186,9.566666666666666,8.0,623,617,0.99,68.0,6,82.4,3004.0,3005.0,159,505
2023-04-22 12:52:18,10.01,1433,6981.0,155,177,3.2,148,213,11.633333333333333,7.2,1565,1444,0.92,80.6,11,93.2,6965.0,7353.0,93,1157
2023-04-21 07:43:33,6.43,835,3982.0,151,173,3.2,169,192,10.316666666666666,7.583333333333333,1020,994,0.92,71.6,7,80.6,3975.0,4012.0,157,701
2023-04-19 16:45:32,5.01,588,2279.0,172,187,4.0,172,186,7.583333333333333,6.333333333333333,66,52,1.23,69.8,6,86.0,2273.0,2630.0,374,427
2023-04-17 17:41:26,4.26,524,2285.0,155,173,3.3,169,188,8.933333333333334,7.466666666666667,581,581,1.07,66.2,5,75.2,2282.0,2363.0,140,604
2023-04-14 19:27:51,3.5,423,1829.0,157,181,3.2,168,186,8.716666666666667,6.95,240,249,1.1,60.8,4,80.6,1828.0,1840.0,-51,152
2023-04-13 19:08:34,5.06,628,2759.0,157,180,3.4,168,184,9.083333333333334,7.966666666666667,469,459,1.05,62.6,6,78.8,2757.0,2813.0,39,419
2023-04-11 19:08:34,4.32,519,2297.0,155,177,3.3,168,183,8.866666666666667,7.466666666666667,417,404,1.08,64.4,5,80.6,2294.0,2308.0,62,430
2023-04-08 09:13:45,4.51,561,2678.0,148,174,3.0,168,192,9.883333333333333,6.966666666666667,135,141,0.97,66.2,5,82.4,2677.0,2678.0,-40,88
2023-04-07 17:22:00,3.43,434,1912.0,155,176,3.1,167,182,9.283333333333331,7.883333333333333,338,325,1.04,69.8,4,78.8,1909.0,1918.0,87,337
2023-04-06 17:18:00,6.61,890,3916.0,160,182,3.8,169,194,9.883333333333333,8.183333333333334,1047,1017,0.96,71.6,7,82.4,3902.0,4013.0,162,720
2023-04-04 17:11:56,6.17,771,3463.0,157,185,3.5,167,198,9.35,6.55,866,850,1.03,64.4,7,84.2,3456.0,3506.0,162,642
2023-04-01 10:48:56,4.42,499,2017.0,166,183,3.7,171,184,7.6,6.283333333333333,59,66,1.24,69.8,5,77.0,2012.0,2100.0,-97,-45
2023-03-31 07:36:29,2.25,274,1204.0,155,172,2.8,168,196,8.933333333333334,5.8,39,46,1.07,75.2,3,82.4,1200.0,1287.0,629,666
2023-03-30 13:23:43,4.01,475,1960.0,164,181,3.6,170,180,8.15,7.083333333333333,138,121,1.16,77.0,5,80.6,1958.0,1966.0,495,671
2023-03-29 18:17:42,3.36,404,1669.0,163,178,3.4,173,182,8.266666666666667,7.65,95,98,1.12,73.4,4,82.4,1667.0,1669.0,459,492
2023-03-29 08:37:00,5.26,585,2587.0,156,172,3.7,171,203,8.2,6.533333333333333,128,144,1.15,62.6,6,78.8,2574.0,2675.0,437,491
2023-03-28 08:54:12,0.5,58,259.5,153,162,1.3,170,177,8.65,8.15,7,3,1.1,62.6,1,66.2,259.5,259.5,13,20
2023-03-28 08:27:59,2.0,141,694.0,151,184,2.7,191,210,5.783333333333333,5.05,30,13,1.45,66.2,9,73.4,689.0,1379.0,5,42
2023-03-28 08:15:16,1.19,126,563.4,153,175,2.2,167,213,7.883333333333333,5.083333333333333,3,3,1.22,75.2,2,80.6,555.6,591.2,-10,1
2023-03-27 17:36:58,3.39,404,1850.0,152,171,3.2,166,188,9.1,6.983333333333333,358,341,1.06,68.0,4,84.2,1847.0,1908.0,161,424
2023-03-23 16:30:05,5.19,643,2815.0,160,192,4.0,167,184,9.033333333333331,7.066666666666666,620,525,1.07,68.0,6,78.8,2803.0,2955.0,158,534
2023-03-21 18:59:46,3.6,442,1923.0,160,185,3.4,170,199,8.916666666666666,6.7,449,443,1.06,60.8,4,86.0,1923.0,1925.0,136,430
2023-03-19 18:37:28,3.6,454,1873.0,166,189,3.6,170,184,8.683333333333334,7.683333333333334,358,351,1.09,64.4,4,75.2,1872.0,1873.0,133,429
2023-03-18 17:55:13,4.56,570,2467.0,160,182,3.8,169,186,9.016666666666667,7.566666666666666,548,538,1.06,68.0,5,82.4,2465.0,2501.0,158,505
2023-03-15 11:42:11,1.14,142,572.5,168,183,2.7,170,182,8.366666666666667,7.233333333333333,141,0,1.13,55.4,2,62.6,571.0,750.0,379,535
2023-03-15 11:15:17,3.11,307,1300.0,160,196,3.4,185,200,6.95,6.116666666666666,79,200,1.25,55.4,4,77.0,1298.0,1358.0,326,546
2023-03-13 17:47:18,2.29,271,1264.0,152,170,2.5,166,180,9.2,7.7,141,138,1.05,59.0,3,75.2,1259.0,2262.0,385,545
2023-03-12 13:05:43,6.25,661,3047.0,155,184,3.7,172,205,8.133333333333333,5.316666666666666,305,295,1.15,60.8,7,82.4,3042.0,3882.0,360,551
2023-03-09 16:21:05,7.07,824,3620.0,162,184,4.5,171,198,8.533333333333333,6.616666666666667,594,604,1.1,62.6,8,78.8,3615.0,3683.0,-24,423
2023-03-08 17:29:02,4.27,529,2361.0,159,181,3.8,170,194,9.216666666666669,7.233333333333333,472,469,1.03,62.6,5,78.8,2359.0,2379.0,94,424
2023-03-06 17:30:32,6.61,879,3602.0,169,194,5.0,168,201,9.083333333333334,7.733333333333333,584,577,1.05,59.0,7,78.8,3599.0,3617.0,-8,434
2023-03-01 18:08:56,3.13,377,1689.0,156,182,3.4,168,185,8.983333333333333,8.05,253,279,1.07,57.2,4,87.8,1685.0,1689.0,373,575
2023-02-19 14:26:43,5.25,649,2857.0,160,189,4.1,171,231,9.066666666666666,4.366666666666666,358,318,1.04,68.0,6,86.0,2842.0,3530.0,797,963
2023-02-18 14:44:40,6.09,859,4275.0,158,189,4.1,154,210,11.7,6.35,1060,1467,0.9,68.0,7,78.8,4087.0,5175.0,86,850
2023-02-14 08:38:37,2.57,294,1302.0,157,179,3.1,174,200,8.45,6.883333333333333,246,243,1.1,64.4,3,75.2,1300.0,1302.0,168,362
2023-02-11 17:51:27,3.48,412,1899.0,154,172,3.3,169,180,9.1,8.033333333333333,367,374,1.05,57.2,4,77.0,1898.0,1905.0,157,428
2023-02-09 07:58:02,4.27,528,2361.0,157,179,3.5,169,203,9.216666666666669,7.55,436,436,1.03,68.0,5,82.4,2358.0,2393.0,154,495
2023-02-07 07:54:05,4.14,525,2272.0,160,184,3.9,171,194,9.15,6.35,436,433,1.02,62.6,5,75.2,2272.0,2272.0,158,480
2023-02-06 07:52:41,4.01,511,2178.0,160,184,3.7,168,182,9.066666666666666,8.05,308,308,1.06,60.8,5,77.0,2174.0,2190.0,14,280
2023-02-04 13:15:35,6.73,844,3601.0,161,186,4.8,168,203,8.916666666666666,6.633333333333333,561,561,1.07,69.8,7,84.2,3592.0,3684.0,-3,434
2023-01-31 07:50:34,3.98,486,2161.0,156,177,3.4,168,203,9.05,8.116666666666667,486,515,1.05,62.6,4,78.8,2160.0,2161.0,120,423
2023-01-29 17:20:08,4.67,581,2549.0,155,185,3.7,166,182,9.1,7.433333333333334,390,377,1.07,60.8,5,77.0,2548.0,2570.0,77,299
2023-01-26 16:31:57,4.17,499,2287.0,152,182,3.3,166,184,9.15,7.933333333333334,459,456,1.06,68.0,5,80.6,2283.0,2295.0,111,428
2023-01-23 15:08:46,3.88,486,2157.0,155,182,3.3,166,188,9.266666666666667,7.933333333333334,472,479,1.05,64.4,4,78.8,2155.0,2162.0,160,427
2023-01-14 15:47:16,5.08,587,2464.0,163,193,4.0,180,211,8.083333333333334,5.783333333333333,75,49,1.11,46.4,6,82.4,2463.0,2464.0,934,959
2023-01-10 16:29:58,8.05,1024,4115.0,167,186,5.0,171,182,8.516666666666667,7.55,69,79,1.11,59.0,9,75.2,4109.0,4213.0,568,601
2023-01-09 18:48:04,3.17,399,1724.0,155,186,3.2,168,223,9.066666666666666,5.3,13,3,1.06,53.6,4,77.0,1724.0,1950.0,580,594
2023-01-08 16:15:57,6.27,710,3057.0,156,171,3.9,172,188,8.133333333333333,6.6,49,56,1.15,41.0,7,71.6,3053.0,3097.0,577,607
2023-01-05 16:34:46,2.17,270,1253.0,146,159,2.6,170,182,9.633333333333333,8.85,3,7,0.98,57.2,3,78.8,1252.0,1253.0,579,593
2023-01-03 16:34:24,1.49,195,839.0,156,167,2.6,168,178,9.35,7.966666666666667,3,0,1.03,62.6,2,64.4,837.0,912.0,543,551
2023-01-03 16:15:32,2.01,184,797.0,154,169,2.5,191,202,6.616666666666667,5.766666666666667,26,23,1.28,57.2,3,64.4,797.0,965.0,593,609
2023-01-03 16:00:14,1.51,141,752.0,132,149,2.0,169,184,8.316666666666666,7.55,0,0,1.15,60.8,2,82.4,749.0,815.0,583,593
2022-12-31 15:26:02,10.01,1168,5246.0,159,174,4.0,172,185,8.733333333333333,7.316666666666666,180,154,1.07,48.2,11,78.8,5231.0,5460.0,919,978
2022-12-28 15:47:51,8.01,1004,4175.0,160,183,4.5,172,182,8.683333333333334,7.85,82,92,1.08,51.8,9,80.6,4168.0,4230.0,905,946
2022-12-27 16:28:55,3.19,375,1612.0,153,170,3.2,171,179,8.416666666666666,7.883333333333333,49,30,1.12,35.6,4,80.6,1609.0,1631.0,933,961
2022-12-26 14:11:37,7.05,824,3611.0,154,166,3.7,174,185,8.533333333333333,7.183333333333334,108,105,1.09,37.4,8,82.4,3610.0,3615.0,907,951
2022-12-21 12:48:23,1.24,123,497.5,161,185,2.3,188,192,6.666666666666667,6.45,0,0,1.2,75.2,2,77.0,497.3,497.5,0,0
2022-12-18 16:34:11,4.51,501,2154.0,155,176,3.4,173,184,7.966666666666667,6.916666666666667,59,66,1.17,60.8,5,78.8,2151.0,2319.0,-13,36
2022-12-16 16:17:07,2.25,286,1356.0,144,165,2.4,168,180,10.033333333333331,8.933333333333334,213,197,0.95,62.6,3,82.4,1355.0,1356.0,162,304
2022-12-13 18:21:56,2.99,274,1166.0,157,176,3.0,184,212,6.516666666666667,4.95,26,10,1.35,53.6,4,64.4,1165.0,1871.0,8,43
2022-12-13 18:10:45,1.05,109,502.6,142,156,1.9,165,192,8.0,6.433333333333334,13,16,1.22,64.4,2,71.6,502.5,502.6,16,39
2022-12-11 16:50:50,3.09,374,1809.0,142,166,2.6,169,192,9.75,8.583333333333334,331,328,0.98,59.0,4,77.0,1808.0,1809.0,146,331
2022-12-09 09:10:47,0.43,54,239.5,149,159,1.0,168,176,9.266666666666667,8.55,3,0,1.03,68.0,1,73.4,239.0,239.5,13,20
2022-12-09 08:45:32,3.0,309,1190.0,172,185,3.3,194,200,6.6,6.033333333333333,13,10,1.26,64.4,4,71.6,1189.0,1190.0,13,41
2022-12-09 08:31:30,1.04,116,533.1,144,163,2.0,168,205,8.516666666666667,5.633333333333333,7,7,1.12,69.8,2,75.2,529.3,542.8,20,31
2022-12-07 16:35:43,3.23,402,1876.0,150,171,2.9,167,184,9.683333333333334,8.0,404,381,0.99,60.8,4,78.8,1875.0,1879.0,147,431
2022-12-05 15:36:22,12.05,1596,6526.0,165,179,5.0,171,181,9.033333333333331,7.683333333333334,108,128,1.04,46.4,13,82.4,6521.0,6615.0,908,955
2022-12-02 15:54:32,6.41,755,3375.0,152,181,3.3,171,212,8.783333333333333,5.383333333333334,85,62,1.07,62.6,7,82.4,3371.0,3428.0,584,617
2022-12-01 16:38:19,1.22,162,649.0,163,179,2.5,168,178,8.866666666666667,8.166666666666666,10,7,1.08,48.2,2,50.0,649.0,713.0,545,554
2022-12-01 16:21:25,2.09,204,833.0,161,176,2.7,190,204,6.65,5.583333333333333,36,16,1.27,46.4,3,53.6,831.0,950.0,606,623
2022-12-01 16:08:44,1.29,152,664.0,150,166,2.3,169,180,8.6,7.216666666666667,16,0,1.11,53.6,2,78.8,663.0,714.0,585,608
2022-11-29 16:10:45,2.31,288,1241.0,153,165,2.8,169,178,8.966666666666667,8.15,13,7,1.06,64.4,3,75.2,1240.0,1241.0,580,597
2022-11-28 15:02:32,10.01,1212,5015.0,163,187,4.6,171,200,8.35,5.866666666666667,131,112,1.12,55.4,11,75.2,5005.0,5269.0,583,628
2022-11-26 12:10:05,3.13,347,1486.0,154,173,3.2,175,205,7.9,6.283333333333333,49,30,1.16,64.4,4,77.0,1484.0,1486.0,932,965
2022-11-25 15:45:59,3.74,318,1359.0,162,185,3.3,199,219,6.066666666666666,5.116666666666666,26,23,1.34,50.0,6,64.4,1357.0,2396.0,1075,1093
2022-11-25 15:31:23,1.52,179,767.0,156,166,2.5,174,208,8.383333333333333,5.4,16,16,1.1,64.4,2,86.0,766.0,767.0,1081,1102
2022-11-23 09:12:35,1.75,104,574.9,137,156,2.0,197,225,5.483333333333333,4.55,20,3,1.49,71.6,7,75.2,573.6,1524.0,22,54
2022-11-23 09:08:11,0.25,18,85.2,149,184,0.4,202,210,5.616666666666667,5.1,0,3,1.42,71.6,1,73.4,85.2,85.2,28,31
2022-11-23 08:55:54,1.14,130,572.3,152,173,2.2,170,207,8.333333333333334,5.083333333333333,3,0,1.13,73.4,2,82.4,572.3,611.0,16,28
2022-11-22 17:10:44,3.12,382,1835.0,147,166,2.7,166,177,9.8,8.816666666666666,269,266,0.99,62.6,4,77.0,1832.0,1853.0,113,295
2022-11-20 07:16:39,9.85,1441,7011.0,154,169,3.4,165,205,11.866666666666667,8.15,1227,1234,0.82,53.6,10,71.6,6995.0,7364.0,2562,3366
2022-11-16 08:52:54,2.99,219,1082.0,149,183,2.3,197,210,6.033333333333333,5.2,43,13,1.35,69.8,6,78.8,1080.0,2330.0,19,49
2022-11-16 08:40:53,1.04,117,548.6,147,164,2.0,166,196,8.75,5.766666666666667,0,0,1.11,73.4,2,78.8,546.8,583.4,18,26
2022-11-13 14:53:55,10.0,1195,5100.0,162,178,4.4,173,200,8.5,6.6,545,564,1.1,66.2,11,78.8,5090.0,5368.0,-25,425
2022-11-12 18:02:57,2.21,245,1101.0,152,178,2.7,168,178,8.316666666666666,7.35,36,46,1.16,62.6,3,80.6,1096.0,1167.0,30,75
2022-11-11 17:06:44,2.44,281,1252.0,152,171,2.9,169,188,8.55,6.883333333333333,92,95,1.11,62.6,3,78.8,1250.0,1252.0,156,188
2022-11-09 08:51:30,3.27,408,1801.0,154,174,3.3,165,180,9.183333333333334,7.733333333333333,217,207,1.06,62.6,4,78.8,1770.0,1862.0,58,280
2022-11-08 09:02:23,2.49,199,916.0,153,177,2.6,194,208,6.133333333333334,5.5,33,33,1.36,68.0,4,73.4,916.0,1548.0,15,41
2022-11-08 08:51:15,1.01,103,474.6,148,175,2.0,168,198,7.866666666666667,5.833333333333333,13,16,1.22,71.6,2,78.8,472.0,495.1,29,40
2022-11-06 15:33:58,8.01,959,4035.0,165,192,4.9,170,194,8.4,6.833333333333333,492,525,1.13,68.0,9,82.4,4030.0,4184.0,-20,426
2022-11-01 19:50:09,2.58,308,1239.0,171,192,3.5,161,243,8.0,3.4833333333333334,56,39,1.25,66.2,3,71.6,1238.0,1974.0,5,39
2022-11-01 19:37:06,1.3,142,681.0,144,165,2.2,160,176,8.75,6.85,0,0,1.15,68.0,2,77.0,681.0,724.0,15,30
2022-10-29 09:23:53,4.06,456,2031.0,154,182,3.2,168,178,8.333333333333334,7.0,33,20,1.15,66.2,5,82.4,2023.0,2184.0,1889,1919
2022-10-27 16:32:29,2.47,257,1117.0,156,171,2.9,172,194,7.533333333333333,5.666666666666667,121,128,1.24,71.6,3,77.0,1116.0,1203.0,147,230
2022-10-25 18:14:45,4.01,427,1866.0,156,178,3.5,172,201,7.766666666666667,5.416666666666667,26,30,1.2,68.0,5,77.0,1864.0,2009.0,-34,-12
2022-10-24 08:59:31,3.28,422,1802.0,161,180,3.4,169,188,9.15,7.05,354,338,1.04,69.8,4,77.0,1800.0,1804.0,90,425
2022-10-22 17:50:35,8.01,975,4153.0,161,184,4.8,168,186,8.65,7.266666666666667,518,509,1.11,69.8,9,78.8,4146.0,4291.0,-13,425
2022-10-18 16:27:49,4.74,654,2586.0,170,184,4.5,170,199,9.1,6.0,561,591,1.04,84.2,5,93.2,2584.0,2586.0,37,528
2022-10-17 07:32:12,2.99,196,1113.0,137,160,2.1,190,210,6.2,5.0,30,23,1.37,66.2,6,69.8,1110.0,2172.0,8,43
2022-10-17 07:18:43,1.15,137,683.0,142,170,2.1,137,205,9.883333333333333,5.2,7,7,1.19,68.0,2,78.8,563.7,731.0,33,45
2022-10-15 18:23:24,7.13,842,3708.0,156,188,4.6,167,186,8.666666666666666,6.066666666666666,253,266,1.11,71.6,8,84.2,3684.0,3887.0,-18,165
2022-10-14 07:37:42,2.99,175,1044.0,141,182,2.6,190,213,5.816666666666666,5.1,128,16,1.46,69.8,11,73.4,1040.0,2547.0,-56,49
2022-10-14 07:27:50,1.0,110,483.0,155,168,2.1,169,205,8.016666666666667,5.35,7,3,1.19,71.6,2,80.6,481.0,483.0,21,45
2022-10-12 07:29:28,3.55,432,1934.0,154,175,3.3,167,180,9.1,7.5,223,210,1.06,68.0,4,78.8,1933.0,1940.0,97,310
2022-10-10 07:50:10,2.99,205,1103.0,143,175,2.5,192,210,6.15,5.3,33,26,1.37,68.0,6,73.4,1100.0,1987.0,3,39
2022-10-10 07:40:08,1.0,104,483.8,146,158,2.1,168,203,8.016666666666667,5.316666666666666,3,7,1.2,71.6,2,80.6,483.8,483.8,19,39
2022-10-08 13:03:55,6.23,823,3070.0,176,193,5.0,170,209,8.216666666666667,5.0,49,26,1.15,82.4,7,89.6,3067.0,3243.0,-25,-3
2022-09-11 19:15:08,7.01,826,3345.0,162,184,4.3,173,205,7.95,6.016666666666667,98,108,1.17,78.8,8,89.6,3342.0,3366.0,-23,53
2022-08-23 18:04:36,5.01,611,2461.0,161,188,3.8,169,196,8.2,5.633333333333333,36,36,1.16,78.8,6,84.2,2456.0,2568.0,580,610
2022-08-22 19:09:19,5.01,545,2236.0,159,178,3.7,169,178,7.45,1.2333333333333334,33,36,1.28,77.0,6,86.0,2234.0,2269.0,613,640
2022-08-20 13:48:28,8.01,901,3768.0,159,175,4.5,171,184,7.85,6.666666666666667,79,62,1.2,75.2,9,86.0,3757.0,3859.0,615,656
2022-08-17 18:38:28,6.07,662,2745.0,162,183,4.2,173,184,7.533333333333333,6.4,52,39,1.24,75.2,7,86.0,2740.0,2995.0,925,955
2022-08-16 18:31:19,3.14,364,1403.0,170,188,3.6,174,197,7.45,5.533333333333333,69,59,1.24,73.4,4,86.0,1402.0,1407.0,929,953
2022-08-13 12:45:56,12.01,1543,6200.0,168,189,5.0,170,208,8.6,4.833333333333333,148,105,1.1,73.4,13,87.8,6192.0,6360.0,721,804
2022-08-07 08:54:12,3.12,420,1796.0,160,179,3.4,167,175,9.583333333333334,8.85,108,128,1.01,73.4,4,84.2,1795.0,1796.0,905,1018
2022-08-06 19:46:04,6.01,678,2860.0,161,178,4.2,170,190,7.933333333333334,6.233333333333333,92,98,1.19,69.8,7,82.4,2857.0,2864.0,-26,51
2022-08-02 20:03:36,2.5,168,886.0,140,153,2.2,193,217,5.9,5.166666666666667,36,23,1.41,68.0,5,73.4,885.0,1665.0,18,49
2022-08-02 19:54:11,1.01,81,448.1,130,147,1.2,171,192,7.416666666666667,6.366666666666666,30,30,1.27,71.6,2,82.4,447.6,448.1,5,35
2022-07-30 09:27:41,1.01,104,468.3,153,168,2.1,175,186,7.75,7.1,52,62,1.19,77.0,2,82.4,467.5,468.3,56,121
2022-07-30 08:11:56,3.22,356,1493.0,163,181,3.6,173,197,7.716666666666667,6.633333333333333,62,89,1.21,73.4,4,80.6,1491.0,1504.0,35,114
2022-07-26 19:30:05,3.01,207,1179.0,135,155,2.1,179,217,6.533333333333333,4.833333333333333,75,69,1.37,66.2,4,82.4,1177.0,2090.0,17,47
2022-07-23 12:08:13,4.01,467,1923.0,164,184,4.1,167,196,7.983333333333333,4.983333333333333,105,135,1.21,78.8,5,89.6,1911.0,2299.0,59,165
2022-07-16 19:21:24,6.84,806,3302.0,162,189,5.0,169,178,8.05,6.683333333333334,72,75,1.18,71.6,7,87.8,3297.0,3454.0,-26,27
2022-07-14 07:13:57,1.0,55,329.1,132,162,2.0,190,215,5.5,4.833333333333333,16,10,1.54,68.0,4,71.6,327.6,800.0,10,39
2022-07-10 19:42:25,4.5,491,2018.0,160,188,4.2,171,203,7.483333333333333,5.116666666666666,16,7,1.26,69.8,7,82.4,2013.0,2359.0,-7,16
2022-06-26 19:12:36,3.11,319,1368.0,150,171,3.0,172,196,7.333333333333333,6.466666666666667,26,56,1.28,69.8,4,82.4,1366.0,1699.0,-21,28
2022-06-18 09:34:07,3.11,341,1333.0,162,184,3.5,176,192,7.15,6.266666666666667,33,30,1.28,73.4,4,84.2,1331.0,1333.0,-24,-8
2022-06-14 19:31:19,2.01,184,803.0,146,158,2.4,180,196,6.65,4.816666666666666,125,121,1.34,69.8,3,84.2,802.0,803.0,24,46
2022-06-06 20:09:41,3.02,268,1180.0,151,169,2.7,183,206,6.516666666666667,5.366666666666666,105,98,1.35,68.0,4,80.6,1179.0,1599.0,9,44
2022-06-01 20:03:11,1.5,87,480.2,133,163,1.9,201,224,5.316666666666666,4.65,26,13,1.51,68.0,6,73.4,479.8,1238.0,20,49
2022-06-01 19:52:52,1.01,80,421.5,132,146,1.1,176,190,6.966666666666667,6.216666666666667,43,39,1.31,71.6,2,84.2,420.3,421.5,14,39
2022-05-24 18:27:41,4.64,694,2858.0,164,188,4.4,167,210,10.266666666666667,6.116666666666666,1043,850,0.94,66.2,5,80.6,2829.0,3734.0,31,421
2022-05-22 19:32:30,8.01,857,3608.0,159,174,4.1,175,188,7.516666666666667,6.416666666666667,128,141,1.22,62.6,9,80.6,3606.0,3614.0,-30,46
2022-05-21 14:14:58,3.01,286,1140.0,170,192,3.4,184,199,6.316666666666666,5.6,30,26,1.39,75.2,4,89.6,1139.0,1636.0,14,35
2022-05-19 16:29:25,3.52,423,1801.0,157,178,3.4,167,184,8.533333333333333,7.433333333333334,246,213,1.13,71.6,4,77.0,1800.0,1823.0,202,415
2022-05-18 18:24:28,2.0,105,648.0,133,167,2.0,195,221,5.383333333333334,4.7,39,16,1.53,68.0,8,75.2,645.0,1692.0,12,40
2022-05-18 18:15:02,1.01,91,422.6,150,177,2.0,172,180,6.983333333333333,6.75,30,26,1.34,73.4,2,86.0,422.6,422.6,12,37
2022-05-16 19:03:22,3.58,436,1801.0,163,183,3.6,168,178,8.4,7.65,308,236,1.14,69.8,4,82.4,1799.0,1811.0,45,307
2022-05-14 16:32:42,4.0,443,1919.0,158,184,3.7,169,190,7.983333333333333,6.633333333333333,125,121,1.19,80.6,5,86.0,1915.0,2259.0,0,77
2022-05-13 18:58:52,5.59,682,3014.0,154,169,3.6,168,178,8.983333333333333,7.083333333333333,148,151,1.07,69.8,6,84.2,3009.0,3075.0,50,146
2022-05-11 18:26:59,4.19,546,2100.0,169,188,4.5,166,186,8.35,7.416666666666667,259,207,1.16,68.0,5,82.4,2098.0,2120.0,-3,268
2022-05-02 19:30:34,4.05,507,2101.0,157,178,3.5,166,196,8.633333333333333,7.65,207,171,1.12,64.4,5,80.6,2094.0,2154.0,56,219
2022-04-29 17:19:16,5.2,779,3208.0,162,188,4.3,168,213,10.283333333333331,6.95,1102,1109,0.93,73.4,7,84.2,3184.0,3655.0,50,439
2022-04-26 18:05:05,2.02,141,704.0,143,185,2.0,196,231,5.816666666666666,4.983333333333333,16,10,1.41,66.2,4,75.2,704.0,1259.0,30,56
2022-04-25 18:48:57,3.94,466,2101.0,148,174,3.0,167,178,8.883333333333333,7.15,302,295,1.08,71.6,4,86.0,2100.0,2107.0,110,306
2022-04-24 14:53:11,6.22,749,2739.0,174,193,5.0,176,195,7.333333333333333,6.216666666666667,92,82,1.24,86.0,7,91.4,2735.0,3081.0,-24,-1
2022-04-20 19:10:42,4.0,472,2108.0,150,172,3.0,169,193,8.766666666666667,7.783333333333333,427,423,1.08,64.4,5,78.8,2106.0,2108.0,57,423
2022-04-19 16:59:31,1.99,161,653.0,166,191,3.2,195,218,5.466666666666667,4.7,43,3,1.51,78.8,8,82.4,649.0,1480.0,30,62
2022-04-19 16:49:33,1.01,97,423.5,152,178,2.0,173,195,7.0,6.15,16,10,1.33,80.6,2,87.8,423.4,423.5,22,41
2022-04-14 18:20:08,2.03,141,705.0,137,159,2.1,190,207,5.783333333333333,4.866666666666667,20,13,1.46,64.4,4,69.8,705.0,1140.0,17,35
2022-04-12 19:42:58,3.08,382,1550.0,161,182,3.4,163,177,8.383333333333333,7.183333333333334,79,79,1.18,62.6,4,69.8,1544.0,1955.0,-39,47
2022-04-12 09:00:02,6.28,739,3192.0,152,171,3.5,170,180,8.466666666666667,7.583333333333333,36,85,1.12,68.0,7,80.6,3190.0,3192.0,-10,73
2022-04-10 15:08:42,4.19,474,2129.0,147,173,2.8,165,199,8.466666666666667,5.55,69,56,1.15,75.2,5,86.0,2127.0,3286.0,3,94
2022-04-09 08:44:59,3.11,283,1275.0,148,179,2.8,184,205,6.833333333333333,5.55,52,20,1.28,68.0,4,82.4,1274.0,1278.0,-3,43
2022-04-09 07:59:06,3.11,340,1664.0,141,152,2.4,166,178,8.916666666666666,7.5,0,62,1.09,69.8,4,82.4,1663.0,1664.0,2,72
2022-04-07 17:45:58,3.01,323,1249.0,169,184,3.4,180,196,6.933333333333334,6.016666666666667,108,105,1.29,78.8,4,82.4,1244.0,1514.0,18,129
2022-04-06 19:23:50,3.79,486,2101.0,153,173,3.2,166,178,9.233333333333333,7.316666666666666,249,194,1.05,69.8,4,82.4,2100.0,2101.0,37,274
2022-04-05 19:37:07,1.5,107,487.5,151,178,2.4,199,217,5.433333333333334,5.05,39,16,1.49,75.2,6,82.4,485.5,1031.0,15,38
2022-04-05 19:20:15,1.01,81,409.6,135,148,1.2,180,201,6.783333333333333,5.983333333333333,10,7,1.31,78.8,2,86.0,406.7,409.6,-16,-6
2022-04-03 18:16:47,3.36,417,1801.0,154,177,3.1,169,202,8.933333333333334,7.5,377,361,1.07,62.6,4,78.8,1800.0,1803.0,74,325
2022-03-29 18:52:33,4.31,484,2101.0,152,171,3.1,168,180,8.133333333333333,7.283333333333333,52,59,1.18,66.2,5,84.2,2099.0,2685.0,-22,28
2022-03-27 08:09:36,6.42,817,3233.0,163,182,4.1,173,190,8.383333333333333,7.55,213,220,1.11,60.8,7,77.0,3230.0,3236.0,14,106
2022-03-24 19:34:26,2.5,246,951.0,168,185,3.0,188,200,6.333333333333333,5.666666666666667,23,26,1.35,64.4,3,69.8,950.0,992.0,21,45
2022-03-23 18:56:53,3.23,378,1801.0,142,170,2.6,164,175,9.283333333333331,8.033333333333333,253,226,1.06,69.8,4,82.4,1798.0,1854.0,89,292
2022-03-19 11:03:52,4.07,583,2507.0,155,183,3.4,169,217,10.25,7.05,781,988,0.93,69.8,5,82.4,2495.0,3104.0,329,1222
2022-03-18 13:56:13,4.01,440,1786.0,163,181,3.4,173,188,7.433333333333334,6.783333333333333,23,92,1.25,75.2,5,82.4,1782.0,1871.0,18,116
2022-03-16 16:23:18,1.8,145,652.0,152,183,2.2,192,206,6.033333333333333,5.45,30,23,1.39,80.6,4,89.6,651.0,1371.0,19,50
2022-03-14 18:17:55,3.19,417,1801.0,153,173,3.1,166,180,9.416666666666666,8.316666666666666,315,279,1.03,69.8,4,78.8,1800.0,1801.0,162,325
2022-03-13 08:14:22,5.01,565,2485.0,151,171,3.2,172,194,8.266666666666667,7.216666666666667,66,75,1.13,60.8,6,77.0,2482.0,2515.0,14,62
2022-03-12 14:17:31,3.37,432,1800.0,156,175,3.3,163,182,8.916666666666666,8.15,226,161,1.11,75.2,4,82.4,1794.0,1843.0,85,285
2022-03-10 14:25:49,5.08,724,3125.0,157,185,3.7,167,207,10.25,8.216666666666667,1030,1024,0.94,73.4,6,84.2,3114.0,3422.0,42,434
2022-03-09 17:22:59,3.31,402,1801.0,149,165,2.9,164,174,9.05,7.966666666666667,256,230,1.08,62.6,4,71.6,1796.0,1830.0,79,261
2022-03-08 18:20:28,2.01,150,649.0,160,187,2.9,196,217,5.383333333333334,4.933333333333334,16,10,1.53,62.6,8,68.0,646.0,1386.0,17,49
2022-03-07 07:40:53,3.26,377,1801.0,143,159,2.5,168,188,9.2,7.983333333333333,351,302,1.04,60.8,4,75.2,1800.0,1801.0,162,321
2022-03-06 11:14:38,6.01,699,2972.0,156,175,3.6,171,186,8.25,6.766666666666667,98,92,1.14,64.4,7,84.2,2969.0,3031.0,-26,55
2022-03-05 17:27:38,3.29,413,1801.0,154,178,3.0,167,184,9.1,8.233333333333333,407,351,1.06,59.0,4,80.6,1798.0,1801.0,111,434
2022-03-03 17:45:44,2.0,169,697.0,164,188,2.6,194,208,5.8,5.266666666666667,13,16,1.43,66.2,4,71.6,697.0,1312.0,27,43
2022-03-02 18:14:09,3.22,384,1801.0,147,169,2.7,165,206,9.316666666666666,6.166666666666667,341,312,1.05,66.2,4,80.6,1800.0,1811.0,161,422
2022-03-01 18:48:56,1.01,79,346.1,152,174,2.0,192,203,5.733333333333333,5.266666666666667,7,0,1.46,66.2,2,71.6,345.0,502.8,9,31
2022-02-28 17:11:41,4.0,495,1979.0,164,183,3.8,169,182,8.233333333333333,6.716666666666667,446,440,1.16,71.6,5,80.6,1977.0,2001.0,162,421
2022-02-26 11:13:15,5.01,551,2253.0,162,179,3.5,171,184,7.5,6.8,69,59,1.25,71.6,6,86.0,2249.0,2724.0,-17,35
2022-02-21 17:08:10,3.38,412,1621.0,164,182,3.5,167,186,8.0,7.2,66,62,1.21,84.2,4,86.0,1620.0,1626.0,741,776
2022-02-19 11:32:05,4.53,523,2111.0,163,179,3.6,173,188,7.766666666666667,6.866666666666667,135,148,1.2,66.2,5,73.4,2108.0,2111.0,527,572
2022-02-18 14:18:55,3.12,326,1376.0,156,183,3.1,174,192,7.35,6.216666666666667,46,59,1.26,64.4,4,78.8,1372.0,1376.0,498,524
2022-02-17 10:17:30,1.25,91,426.3,147,165,2.1,194,211,5.683333333333334,5.116666666666666,0,13,1.47,73.4,4,77.0,425.7,836.0,501,642
2022-02-16 07:59:48,8.03,1020,4014.0,165,187,5.0,169,182,8.333333333333334,7.583333333333333,194,210,1.14,69.8,9,82.4,4006.0,4062.0,184,224
2022-02-14 17:23:36,3.01,262,1192.0,148,171,2.8,182,213,6.583333333333333,4.8,20,13,1.34,64.4,5,78.8,1185.0,1592.0,-26,-5
2022-02-12 18:08:54,3.01,295,1208.0,165,189,3.3,182,204,6.683333333333334,5.316666666666666,33,36,1.32,69.8,4,84.2,1205.0,1518.0,-20,-2
2022-02-09 18:06:24,5.05,575,2388.0,163,183,4.1,169,178,7.883333333333333,7.283333333333333,7,7,1.21,69.8,6,82.4,2380.0,2486.0,-21,-3
2022-01-31 17:17:15,6.0,656,2827.0,158,174,3.9,170,190,7.85,6.783333333333333,223,200,1.21,62.6,7,77.0,2821.0,2905.0,52,272
2022-01-14 16:14:56,5.01,545,2312.0,155,171,3.7,171,188,7.7,6.983333333333333,43,30,1.22,42.8,6,77.0,2311.0,2355.0,619,655
2022-01-13 16:28:37,6.05,757,2924.0,165,189,4.9,169,194,8.05,6.583333333333333,36,56,1.18,51.8,7,80.6,2923.0,2977.0,387,431
2021-12-25 16:34:26,3.13,351,1519.0,150,165,3.1,171,188,8.066666666666666,7.316666666666666,46,39,1.16,51.8,4,80.6,1517.0,1519.0,929,954
2021-12-24 10:33:44,13.19,1470,6449.0,158,176,4.3,173,205,8.15,5.316666666666666,322,253,1.14,50.0,14,77.0,6446.0,6521.0,788,955
2021-12-23 13:28:54,3.5,349,1365.0,166,187,3.9,182,237,6.5,5.2,72,66,1.36,57.2,4,78.8,1363.0,1870.0,984,1027
2021-12-10 13:37:27,3.57,426,1690.0,160,184,3.5,169,182,7.9,6.683333333333334,249,256,1.21,68.0,4,78.8,1685.0,1697.0,114,328
2021-12-08 17:08:46,5.04,667,2678.0,159,184,4.2,164,190,8.85,6.533333333333333,446,446,1.11,64.4,6,77.0,2665.0,2842.0,178,617
2021-12-03 13:54:57,4.04,437,1821.0,153,177,3.2,170,190,7.516666666666667,6.333333333333333,125,89,1.26,57.2,5,73.4,1817.0,2036.0,95,165
2021-11-30 12:55:52,7.01,830,3209.0,163,174,4.2,175,190,7.633333333333333,6.9,75,75,1.2,60.8,8,73.4,3208.0,3242.0,562,587
2021-11-25 12:41:29,2.01,175,733.0,153,169,2.4,196,208,6.083333333333333,5.416666666666667,16,3,1.35,46.4,3,68.0,733.0,825.0,540,556
2021-11-23 15:56:22,1.8,127,622.0,140,158,1.8,198,220,5.75,5.05,13,3,1.41,50.0,3,64.4,617.0,1399.0,545,556
2021-11-20 15:18:37,7.04,794,3319.0,156,169,3.7,173,190,7.866666666666667,6.716666666666667,79,98,1.18,60.8,8,78.8,3316.0,3363.0,596,637
2021-11-18 19:35:18,2.0,152,683.0,147,162,2.2,201,223,5.683333333333334,4.783333333333333,23,7,1.41,50.0,4,62.6,682.0,1300.0,574,607
2021-11-15 13:11:32,5.31,663,2994.0,153,175,3.2,168,188,9.4,7.183333333333334,1030,955,1.02,77.0,6,86.0,2990.0,3083.0,73,377
2021-11-11 17:07:45,3.96,490,2182.0,152,176,3.0,168,184,9.183333333333334,6.283333333333333,630,581,1.04,75.2,4,78.8,2177.0,2387.0,319,429
2021-11-10 13:40:58,2.22,252,1097.0,150,167,2.6,169,183,8.233333333333333,7.333333333333333,230,203,1.16,77.0,3,82.4,1096.0,1099.0,161,325
2021-11-09 12:36:45,1.75,115,558.1,143,161,2.3,200,228,5.316666666666666,4.2,13,7,1.52,77.0,7,80.6,555.0,1192.0,7,30
2021-11-09 12:27:39,0.75,55,245.0,155,182,2.0,193,222,5.416666666666667,4.816666666666666,10,3,1.54,78.8,3,80.6,244.6,389.8,-16,9
2021-11-08 14:43:09,4.01,416,1791.0,156,173,3.3,170,178,7.45,6.666666666666667,85,26,1.27,71.6,5,82.4,1788.0,1852.0,-14,47
2021-11-07 15:30:17,3.0,343,1559.0,149,172,2.8,169,190,8.65,7.35,338,325,1.1,69.8,4,80.6,1559.0,1559.0,156,430
2021-11-06 14:58:21,5.5,626,2702.0,157,183,3.8,169,207,8.183333333333334,7.066666666666666,541,515,1.16,71.6,6,78.8,2699.0,2736.0,-4,432
2021-11-04 15:19:04,2.0,144,690.0,147,166,2.1,195,240,5.75,4.6,0,7,1.44,66.2,5,75.2,687.0,1301.0,-22,-11
2021-11-03 11:35:35,3.13,378,1493.0,170,182,3.5,172,180,7.95,7.016666666666667,269,361,1.18,73.4,4,78.8,1492.0,1495.0,98,315
2021-11-02 17:44:18,3.0,236,1154.0,144,162,2.4,185,223,6.4,4.183333333333334,7,13,1.35,66.2,5,80.6,1154.0,1891.0,-19,-2
2021-11-01 14:42:45,2.01,220,920.0,160,171,2.7,170,178,7.65,7.15,7,13,1.24,71.6,3,80.6,919.0,926.0,-5,14
2021-11-01 14:28:30,2.01,189,819.0,155,167,2.4,180,203,6.8,6.033333333333333,43,33,1.31,71.6,4,80.6,818.0,819.0,-24,1
2021-10-31 15:07:44,5.15,680,2946.0,160,180,3.7,158,212,9.533333333333331,6.416666666666667,640,892,1.07,68.0,6,80.6,2936.0,3449.0,28,427
2021-10-29 18:50:26,5.03,532,2268.0,156,176,3.5,172,188,7.516666666666667,6.6,49,62,1.25,68.0,6,82.4,2266.0,2271.0,-33,18
2021-10-27 17:40:49,3.01,382,1623.0,157,175,3.1,167,180,9.0,7.166666666666667,331,328,1.07,73.4,4,80.6,1621.0,1623.0,149,421
2021-10-26 13:02:28,4.02,379,1666.0,153,173,3.1,180,222,6.916666666666667,4.566666666666666,43,23,1.29,71.6,6,87.8,1664.0,1951.0,-23,1
2021-10-24 15:50:23,6.03,749,3120.0,162,184,4.0,172,221,8.616666666666667,6.366666666666666,745,738,1.09,71.6,7,82.4,3117.0,3158.0,37,419
2021-10-21 17:51:03,3.06,337,1453.0,154,169,3.0,172,210,7.916666666666667,7.15,318,305,1.18,68.0,4,77.0,1452.0,1453.0,160,328
2021-10-20 18:16:04,5.05,608,2590.0,158,185,3.8,168,190,8.55,7.366666666666666,443,456,1.12,66.2,6,75.2,2586.0,2662.0,-13,427
2021-10-16 11:38:33,4.01,477,2022.0,157,181,3.4,171,195,8.416666666666666,6.816666666666666,430,423,1.12,84.2,5,89.6,2015.0,2028.0,701,994
2021-10-13 14:36:37,7.89,1034,4426.0,158,180,3.7,168,207,9.35,7.883333333333333,843,794,1.02,73.4,8,91.4,4423.0,6326.0,701,1413
2021-10-12 17:23:55,3.01,415,1837.0,150,174,3.0,169,192,10.183333333333334,8.433333333333334,751,764,0.94,68.0,4,75.2,1836.0,1837.0,674,814
2021-10-11 16:41:30,10.0,1134,5119.0,153,183,3.7,168,193,8.533333333333333,5.033333333333333,331,315,1.12,62.6,11,78.8,5095.0,5536.0,661,945
2021-10-09 15:40:56,3.0,364,1441.0,162,181,3.3,169,186,8.0,6.85,328,305,1.19,75.2,4,82.4,1440.0,1446.0,150,426
2021-10-08 18:32:23,2.01,171,790.0,140,160,2.2,181,197,6.566666666666666,6.0,23,16,1.36,69.8,3,82.4,790.0,790.0,-24,-9
2021-10-06 18:27:47,5.01,570,2422.0,152,176,3.4,170,212,8.066666666666666,7.15,436,449,1.17,68.0,6,80.6,2419.0,2431.0,-10,421
2021-10-05 17:52:26,5.0,537,2221.0,155,182,3.6,171,182,7.4,5.9,52,52,1.27,69.8,6,84.2,2219.0,2286.0,-12,37
2021-10-02 17:36:10,4.01,443,1826.0,158,189,3.4,169,184,7.583333333333333,6.783333333333333,33,23,1.26,73.4,5,86.0,1821.0,1960.0,-25,-5
2021-09-29 18:56:35,5.12,578,2540.0,150,172,3.3,169,215,8.266666666666667,7.316666666666666,459,449,1.15,71.6,6,82.4,2536.0,2558.0,-14,423
2021-09-24 18:02:23,5.03,580,2511.0,151,178,3.3,168,190,8.316666666666666,7.583333333333333,466,469,1.15,66.2,6,77.0,2510.0,2541.0,-39,420